link,genre,title
https://www.lebenshilfe.de/mitmachen/aktiv-werden/selbstvertretung-von-menschen-mit-behinderung,news,selbst-vertretung-von-menschen-mit-beeintrachtigung
https://www.lebenshilfe.de/informieren/familie/krieg-in-der-ukraine-leichte-sprache,news,krieg-in-der-ukraine-in-leichter-sprache
https://www.lebenshilfe.de/informieren/senioren/was-ist-eine-demenz-leichte-sprache,news,demenz-in-leichter-sprache
https://www.lebenshilfe.de/informieren/arbeiten/schule-und-dann,news,schule-und-dann
https://www.lebenshilfe.de/informieren/familie/empfehlungen-zu-covid-19-corona-virus/impfen-leichte-sprache,news,soll-ich-mich-gegen-corona-impfen-lassen
https://www.lebenshilfe.de/informieren/kinder/kindes-wohl-und-kindes-wohl-gefaehrdung,news,kinder-schutz-in-leichter-sprache
https://www.lebenshilfe.de/informieren/wohnen/gewalt-gegen-maedchen-und-frauen-mit-behinderung,news,gewalt-gegen-madchen-und-frauen-mit-behinderung
https://www.lebenshilfe.de/woerterbuch/woerterbuch-detail,,
https://www.lebenshilfe.de/mitmachen/aktiv-werden/selbstvertretung-von-menschen-mit-behinderung/bewohner-vertretungen-staerken,news,bewohner-vertretungen-starken
https://www.lebenshilfe.de/informieren/freie-zeit/rezepte-in-leichter-sprache,news,rezepte-in-leichter-sprache-aus-dem-lebenshilfe-magazin
https://www.lebenshilfe.de/ueber-uns/mitgliederversammlung-der-lebenshilfe-1,news,mitglieder-versammlung-der-lebenshilfe
https://www.lebenshilfe.de/ueber-uns/weihnachtsbaum-1,news,politiker-bekommen-einen-weihnachts-baum-von-der-lebenshilfe
https://www.lebenshilfe.de/informieren/familie/einfuehrung-ins-betreuungsrecht/betreuungs-recht-in-leichter-sprache,news,betreuungs-recht-in-leichter-sprache
https://www.lebenshilfe.de/ueber-uns/ls-forderungen-der-lebenshilfe-an-die-politik,news,forderungen-der-lebenshilfe-in-leichter-sprache
https://www.lebenshilfe.de/informieren/familie/empfehlungen-zu-covid-19-corona-virus/corona-ueberblick-leichte-sprache,news,corona-virus-in-leichter-sprache
https://www.lebenshilfe.de/informieren/familie/empfehlungen-zu-covid-19-corona-virus/tod-und-trauer-leichte-sprache,news,tod-und-trauer-in-leichter-sprache
https://www.lebenshilfe.de/informieren/senioren/gesundheitliche-versorgungsplanung-letzter-lebensphase/patienten-verfuegung-leichte-sprache,news,patienten-verfugung-in-leichter-sprache
https://www.lebenshilfe.de/woerterbuch,news,worterbuch-in-leichter-sprache
https://www.lebenshilfe.de/informieren/freie-zeit/sucht-und-drogen/kiffen-und-rauchen-sind-riskant,news,kiffen-und-rauchen-sind-riskant
https://www.lebenshilfe.de/impressum/impressum-in-leichter-sprache,news,erklarungen-zum-impressum-in-leichter-sprache
https://www.lebenshilfe.de/informieren/freie-zeit/religionen-informationen-in-leichter-sprache,news,religionen-in-leichter-sprache
https://www.lebenshilfe.de/informieren/regional/wahlen,news,wahl-hilfe-in-leichter-sprache
https://www.lebenshilfe.de/informieren/familie/einfuehrung-ins-betreuungsrecht/neue-hefte-ueber-rechtliche-betreuung,news,hefte-uber-rechtliche-betreuung-in-leichter-sprache
https://www.lebenshilfe.de/mitmachen/aktiv-werden/jubilaeumsfeier-mit-steinmeier/leichte-sprache-geburtstag-der-lebenshilfe,news,60-geburtstag-der-lebenshilfe-mit-bundes-prasident
https://www.lebenshilfe.de/mitmachen/aktiv-werden/hey-welt/hey-welt,news,hey-welt-musikvideo-der-lebenshilfe
https://www.lebenshilfe.de/informieren/arbeiten/schule-und-dann/das-moechte-ich-lernen,news,das-mochte-ich-lernen
https://www.lebenshilfe.de/informieren/arbeiten/schule-und-dann/berufe-kennenlernen,news,berufe-kennenlernen
https://www.lebenshilfe.de/informieren/freie-zeit/liebe-und-sexualitaet-bei-menschen-mit-beeintraechtigung/ls-partnersuche,news,partner-suche-in-leichter-sprache
https://www.lebenshilfe.de/informieren/familie/das-internet-ist-fuer-alle-da,news,das-internet-ist-fur-alle-da
https://www.lebenshilfe.de/informieren/familie/das-internet-ist-fuer-alle-da/der-interessen-vertreter-sascha-ubrig,news,der-interessen-vertreter-sascha-ubrig
https://www.lebenshilfe.de/mitmachen/aktiv-werden/selbstvertretung-von-menschen-mit-behinderung/politik-in-leichter-sprache,news,selbst-vertretung-in-der-politik
https://www.lebenshilfe.de/ueber-uns/parlamentarischer-abend/parlamentarischer-abend-2022-1,news,parlamentarischer-abend-in-leichter-sprache
https://www.lebenshilfe.de/informieren/familie/menschen-mit-behinderung-in-der-nazi-zeit,news,menschen-mit-behinderung-in-der-nazi-zeit
https://www.lebenshilfe.de/informieren/freie-zeit/thema-urlaub/reisen-fuer-alle,news,reisen-fur-alle-in-leichter-sprache
https://www.lebenshilfe.de/mitmachen/aktiv-werden/selbstvertretung-von-menschen-mit-behinderung/vereinsleben-fuer-menschen-mit-beeintraechtigung/einfach-erklaert-vereinsleben-fuer-alle,news,menschen-mit-beeintrachtigung-machen-mit-im-lebenshilfe-verein
https://www.lebenshilfe.de/informieren/publikationen/magazin-mit-leichter-sprache,news,das-magazin-mit-leichter-sprache
https://www.lebenshilfe.de/informieren/familie/menschen-mit-behinderung-duerfen-mehr-geld-sparen,news,menschen-mit-behinderung-durfen-mehr-geld-sparen
https://www.lebenshilfe.de/ueber-uns/parlamentarischer-abend/parlamentarischer-abend-2018,news,parlamentarischer-abend-2018
https://www.lebenshilfe.de/ueber-uns/medienpreis-bobby/bobby-2018-hirschhausen,news,medien-preis-fur-eckart-von-hirschhausen
https://www.lebenshilfe.de/aus-dem-leben/arbeiten/wenn-ich-krank-bin-fehlt-mir-die-arbeit,news,wenn-ich-krank-bin-fehlt-mir-die-arbeit
https://www.lebenshilfe.de/informieren/familie/einfuehrung-ins-betreuungsrecht/interview-gregor-rueberg,news,ein-gesprach-mit-gregor-ruberg
https://www.lebenshilfe.de/informieren/arbeiten/teilhabe-am-arbeitsleben/teilhabe-am-arbeitsleben,news,recht-auf-arbeit
https://www.lebenshilfe.de/informieren/wohnen/leit-faden-zur-gruendung-von-wohngemeinschaften,news,leit-faden-zur-grundung-von-wohn-gemeinschaften
https://www.lebenshilfe.de/informieren/freie-zeit/thema-sport/bewegen-macht-spass,news,sport-in-leichter-sprache
https://www.lebenshilfe.de/woerterbuch/woerterbuch-detail?tx_lfdictionary_detail%5Baction%5D=show&tx_lfdictionary_detail%5Bcontroller%5D=Dictionaryentry&tx_lfdictionary_detail%5Bdictionaryentry%5D=267&cHash=e48ce7099e4cde85b0fc4745fed488df,news,usb-stick
https://www.lebenshilfe.de/woerterbuch/woerterbuch-detail?tx_lfdictionary_detail%5Baction%5D=show&tx_lfdictionary_detail%5Bcontroller%5D=Dictionaryentry&tx_lfdictionary_detail%5Bdictionaryentry%5D=268&cHash=7ad3b974736be997f1ed6b8e2a6d6f2c,news,usb
https://www.lebenshilfe.de/woerterbuch/woerterbuch-detail?tx_lfdictionary_detail%5Baction%5D=show&tx_lfdictionary_detail%5Bcontroller%5D=Dictionaryentry&tx_lfdictionary_detail%5Bdictionaryentry%5D=175&cHash=ec9f25eb3f1e5f7472411c7bb40f92ed,news,medien
https://www.lebenshilfe.de/woerterbuch/woerterbuch-detail?tx_lfdictionary_detail%5Baction%5D=show&tx_lfdictionary_detail%5Bcontroller%5D=Dictionaryentry&tx_lfdictionary_detail%5Bdictionaryentry%5D=174&cHash=308d9a0605404ef8d725ae49e6d05e0b,news,mail
https://www.lebenshilfe.de/woerterbuch/woerterbuch-detail?tx_lfdictionary_detail%5Baction%5D=show&tx_lfdictionary_detail%5Bcontroller%5D=Dictionaryentry&tx_lfdictionary_detail%5Bdictionaryentry%5D=81&cHash=18149f258f0ff7d9e61b761aa6610d52,news,e-mail
https://www.lebenshilfe.de/woerterbuch/woerterbuch-detail?tx_lfdictionary_detail%5Baction%5D=show&tx_lfdictionary_detail%5Bcontroller%5D=Dictionaryentry&tx_lfdictionary_detail%5Bdictionaryentry%5D=173&cHash=18425b1ab3996c6f353a3befb22675b1,news,literatur
https://www.lebenshilfe.de/woerterbuch/woerterbuch-detail?tx_lfdictionary_detail%5Baction%5D=show&tx_lfdictionary_detail%5Bcontroller%5D=Dictionaryentry&tx_lfdictionary_detail%5Bdictionaryentry%5D=309&cHash=90321ffebfb8b3103a1485eb1480f5e3,news,like
https://www.lebenshilfe.de/woerterbuch/woerterbuch-detail?tx_lfdictionary_detail%5Baction%5D=show&tx_lfdictionary_detail%5Bcontroller%5D=Dictionaryentry&tx_lfdictionary_detail%5Bdictionaryentry%5D=171&cHash=020d91dfcdb320d2ce0885211d2390ef,news,lesbisch
https://www.lebenshilfe.de/woerterbuch/woerterbuch-detail?tx_lfdictionary_detail%5Baction%5D=show&tx_lfdictionary_detail%5Bcontroller%5D=Dictionaryentry&tx_lfdictionary_detail%5Bdictionaryentry%5D=170&cHash=4fb732039aba880928c2e99e6b3072a9,news,leichte-sprache
https://www.lebenshilfe.de/woerterbuch/woerterbuch-detail?tx_lfdictionary_detail%5Baction%5D=show&tx_lfdictionary_detail%5Bcontroller%5D=Dictionaryentry&tx_lfdictionary_detail%5Bdictionaryentry%5D=168&cHash=6829e26a4fff97f1cd0ad06624fc0d5b,news,laptop
https://www.lebenshilfe.de/woerterbuch/woerterbuch-detail?tx_lfdictionary_detail%5Baction%5D=show&tx_lfdictionary_detail%5Bcontroller%5D=Dictionaryentry&tx_lfdictionary_detail%5Bdictionaryentry%5D=167&cHash=5b5aae49a7e8fec077a075a3ed160bbc,news,kunstler
https://www.lebenshilfe.de/woerterbuch/woerterbuch-detail?tx_lfdictionary_detail%5Baction%5D=show&tx_lfdictionary_detail%5Bcontroller%5D=Dictionaryentry&tx_lfdictionary_detail%5Bdictionaryentry%5D=166&cHash=809e982bfc9c3de6f5580433f3d1a81a,news,kunde
https://www.lebenshilfe.de/woerterbuch/woerterbuch-detail?tx_lfdictionary_detail%5Baction%5D=show&tx_lfdictionary_detail%5Bcontroller%5D=Dictionaryentry&tx_lfdictionary_detail%5Bdictionaryentry%5D=165&cHash=e47c8a26015bc37c039575307859119f,news,kumpel
https://www.lebenshilfe.de/woerterbuch/woerterbuch-detail?tx_lfdictionary_detail%5Baction%5D=show&tx_lfdictionary_detail%5Bcontroller%5D=Dictionaryentry&tx_lfdictionary_detail%5Bdictionaryentry%5D=164&cHash=8b0db6a7019e459efcd6f34ad3e2a53d,news,kreuzfahrt
https://www.lebenshilfe.de/woerterbuch/woerterbuch-detail?tx_lfdictionary_detail%5Baction%5D=show&tx_lfdictionary_detail%5Bcontroller%5D=Dictionaryentry&tx_lfdictionary_detail%5Bdictionaryentry%5D=163&cHash=ee6c744f94c1e7b1bfaced347f71028d,news,konzert
https://www.lebenshilfe.de/woerterbuch/woerterbuch-detail?tx_lfdictionary_detail%5Baction%5D=show&tx_lfdictionary_detail%5Bcontroller%5D=Dictionaryentry&tx_lfdictionary_detail%5Bdictionaryentry%5D=162&cHash=4c8f4b6b00e2bbff153e657867bded2d,news,konzept
https://www.lebenshilfe.de/woerterbuch/woerterbuch-detail?tx_lfdictionary_detail%5Baction%5D=show&tx_lfdictionary_detail%5Bcontroller%5D=Dictionaryentry&tx_lfdictionary_detail%5Bdictionaryentry%5D=161&cHash=a2ce5eb9434af2a759088f9e8abc9d65,news,konsum
https://www.lebenshilfe.de/woerterbuch/woerterbuch-detail?tx_lfdictionary_detail%5Baction%5D=show&tx_lfdictionary_detail%5Bcontroller%5D=Dictionaryentry&tx_lfdictionary_detail%5Bdictionaryentry%5D=160&cHash=888d3cef8ed1b88dd25ba93c3382b76e,news,konkurrent-konkurrenz
https://www.lebenshilfe.de/woerterbuch/woerterbuch-detail?tx_lfdictionary_detail%5Baction%5D=show&tx_lfdictionary_detail%5Bcontroller%5D=Dictionaryentry&tx_lfdictionary_detail%5Bdictionaryentry%5D=159&cHash=d794b1428b98f3e3ea00e9f4ec34641a,news,konflikt
https://www.lebenshilfe.de/woerterbuch/woerterbuch-detail?tx_lfdictionary_detail%5Baction%5D=show&tx_lfdictionary_detail%5Bcontroller%5D=Dictionaryentry&tx_lfdictionary_detail%5Bdictionaryentry%5D=158&cHash=04ed085bf0a7dde2b7c3c5a219baa5c0,news,kondom
https://www.lebenshilfe.de/woerterbuch/woerterbuch-detail?tx_lfdictionary_detail%5Baction%5D=show&tx_lfdictionary_detail%5Bcontroller%5D=Dictionaryentry&tx_lfdictionary_detail%5Bdictionaryentry%5D=156&cHash=5ecb1955cadb65897b88044a90ea62cc,news,kompromiss
https://www.lebenshilfe.de/woerterbuch/woerterbuch-detail?tx_lfdictionary_detail%5Baction%5D=show&tx_lfdictionary_detail%5Bcontroller%5D=Dictionaryentry&tx_lfdictionary_detail%5Bdictionaryentry%5D=157&cHash=294b1bf702c5b6ac223fa3e090f8b2cb,news,komodie
https://www.lebenshilfe.de/woerterbuch/woerterbuch-detail?tx_lfdictionary_detail%5Baction%5D=show&tx_lfdictionary_detail%5Bcontroller%5D=Dictionaryentry&tx_lfdictionary_detail%5Bdictionaryentry%5D=155&cHash=c22dfd887bb3b9321299e8237fcb45d6,news,kombi-lohne
https://www.lebenshilfe.de/woerterbuch/woerterbuch-detail?tx_lfdictionary_detail%5Baction%5D=show&tx_lfdictionary_detail%5Bcontroller%5D=Dictionaryentry&tx_lfdictionary_detail%5Bdictionaryentry%5D=154&cHash=eeb6fae2847e3d1bbcb53bb9e4382b66,news,koalitions-vertrag
https://www.lebenshilfe.de/woerterbuch/woerterbuch-detail?tx_lfdictionary_detail%5Baction%5D=show&tx_lfdictionary_detail%5Bcontroller%5D=Dictionaryentry&tx_lfdictionary_detail%5Bdictionaryentry%5D=153&cHash=9be7148c939834e19394819d35a3d23d,news,kirche
https://www.lebenshilfe.de/woerterbuch/woerterbuch-detail?tx_lfdictionary_detail%5Baction%5D=show&tx_lfdictionary_detail%5Bcontroller%5D=Dictionaryentry&tx_lfdictionary_detail%5Bdictionaryentry%5D=152&cHash=f4fbf5842dfb6a6c40407f99963cbb83,news,kinder-tagespflege
https://www.lebenshilfe.de/woerterbuch/woerterbuch-detail?tx_lfdictionary_detail%5Baction%5D=show&tx_lfdictionary_detail%5Bcontroller%5D=Dictionaryentry&tx_lfdictionary_detail%5Bdictionaryentry%5D=343&cHash=d13db395f8554f04fab46c73ef774993,news,kinder-und-jugend-starkungs-gesetz
https://www.lebenshilfe.de/woerterbuch/woerterbuch-detail?tx_lfdictionary_detail%5Baction%5D=show&tx_lfdictionary_detail%5Bcontroller%5D=Dictionaryentry&tx_lfdictionary_detail%5Bdictionaryentry%5D=151&cHash=8101f90b0c757fa388b0fdd1bc30f00f,news,kilogramm-kg
https://www.lebenshilfe.de/woerterbuch/woerterbuch-detail?tx_lfdictionary_detail%5Baction%5D=show&tx_lfdictionary_detail%5Bcontroller%5D=Dictionaryentry&tx_lfdictionary_detail%5Bdictionaryentry%5D=150&cHash=9812a18cacf5414a4f290c9794c91fb9,news,kandidat
https://www.lebenshilfe.de/woerterbuch/woerterbuch-detail?tx_lfdictionary_detail%5Baction%5D=show&tx_lfdictionary_detail%5Bcontroller%5D=Dictionaryentry&tx_lfdictionary_detail%5Bdictionaryentry%5D=149&cHash=01023249da2466826ba25ebd9cdab283,news,jury
https://www.lebenshilfe.de/woerterbuch/woerterbuch-detail?tx_lfdictionary_detail%5Baction%5D=show&tx_lfdictionary_detail%5Bcontroller%5D=Dictionaryentry&tx_lfdictionary_detail%5Bdictionaryentry%5D=148&cHash=c64f801ad5013583a50129f3c0875a0b,news,juristen
https://www.lebenshilfe.de/woerterbuch/woerterbuch-detail?tx_lfdictionary_detail%5Baction%5D=show&tx_lfdictionary_detail%5Bcontroller%5D=Dictionaryentry&tx_lfdictionary_detail%5Bdictionaryentry%5D=147&cHash=9fad3da42ce68b1db44e653d92a3cc2a,news,jogging
https://www.lebenshilfe.de/woerterbuch/woerterbuch-detail?tx_lfdictionary_detail%5Baction%5D=show&tx_lfdictionary_detail%5Bcontroller%5D=Dictionaryentry&tx_lfdictionary_detail%5Bdictionaryentry%5D=146&cHash=ad59b95223a7e5106f0d0c2b7dd1ae21,news,jesus
https://www.lebenshilfe.de/woerterbuch/woerterbuch-detail?tx_lfdictionary_detail%5Baction%5D=show&tx_lfdictionary_detail%5Bcontroller%5D=Dictionaryentry&tx_lfdictionary_detail%5Bdictionaryentry%5D=145&cHash=27de354e4d4162e69d5adfa35fb015c9,news,jahres-abo
https://www.lebenshilfe.de/woerterbuch/woerterbuch-detail?tx_lfdictionary_detail%5Baction%5D=show&tx_lfdictionary_detail%5Bcontroller%5D=Dictionaryentry&tx_lfdictionary_detail%5Bdictionaryentry%5D=142&cHash=76b47c4d31f879bba11033feaa9b80df,news,intimitat
https://www.lebenshilfe.de/woerterbuch/woerterbuch-detail?tx_lfdictionary_detail%5Baction%5D=show&tx_lfdictionary_detail%5Bcontroller%5D=Dictionaryentry&tx_lfdictionary_detail%5Bdictionaryentry%5D=141&cHash=4e59130123f5129a7e4e53af35006e45,news,interview
https://www.lebenshilfe.de/woerterbuch/woerterbuch-detail?tx_lfdictionary_detail%5Baction%5D=show&tx_lfdictionary_detail%5Bcontroller%5D=Dictionaryentry&tx_lfdictionary_detail%5Bdictionaryentry%5D=140&cHash=ac1a8f2b71307ae689a16cc7a3dee673,news,internet
https://www.lebenshilfe.de/woerterbuch/woerterbuch-detail?tx_lfdictionary_detail%5Baction%5D=show&tx_lfdictionary_detail%5Bcontroller%5D=Dictionaryentry&tx_lfdictionary_detail%5Bdictionaryentry%5D=139&cHash=d31424aefc08b4e1613f132f16fed0a0,news,interesse
https://www.lebenshilfe.de/woerterbuch/woerterbuch-detail?tx_lfdictionary_detail%5Baction%5D=show&tx_lfdictionary_detail%5Bcontroller%5D=Dictionaryentry&tx_lfdictionary_detail%5Bdictionaryentry%5D=306&cHash=6494e4acd23ebc7da65b313bbccba792,news,instagram
https://www.lebenshilfe.de/woerterbuch/woerterbuch-detail?tx_lfdictionary_detail%5Baction%5D=show&tx_lfdictionary_detail%5Bcontroller%5D=Dictionaryentry&tx_lfdictionary_detail%5Bdictionaryentry%5D=138&cHash=309acfd3f33426620bd0245bb99e6a55,news,inklusion
https://www.lebenshilfe.de/woerterbuch/woerterbuch-detail?tx_lfdictionary_detail%5Baction%5D=show&tx_lfdictionary_detail%5Bcontroller%5D=Dictionaryentry&tx_lfdictionary_detail%5Bdictionaryentry%5D=137&cHash=181e9112b22fad1f994b55e56b4f347c,news,information
https://www.lebenshilfe.de/woerterbuch/woerterbuch-detail?tx_lfdictionary_detail%5Baction%5D=show&tx_lfdictionary_detail%5Bcontroller%5D=Dictionaryentry&tx_lfdictionary_detail%5Bdictionaryentry%5D=305&cHash=97f6ab642da96dd820f8f942bb3721eb,news,influencer
https://www.lebenshilfe.de/woerterbuch/woerterbuch-detail?tx_lfdictionary_detail%5Baction%5D=show&tx_lfdictionary_detail%5Bcontroller%5D=Dictionaryentry&tx_lfdictionary_detail%5Bdictionaryentry%5D=135&cHash=bb8d2ce8785b0de41372fb8a4d2d1ab1,news,impressum
https://www.lebenshilfe.de/woerterbuch/woerterbuch-detail?tx_lfdictionary_detail%5Baction%5D=show&tx_lfdictionary_detail%5Bcontroller%5D=Dictionaryentry&tx_lfdictionary_detail%5Bdictionaryentry%5D=131&cHash=5fd28383316a9ecfc0d2d9b94dd04cdc,news,hygiene
https://www.lebenshilfe.de/woerterbuch/woerterbuch-detail?tx_lfdictionary_detail%5Baction%5D=show&tx_lfdictionary_detail%5Bcontroller%5D=Dictionaryentry&tx_lfdictionary_detail%5Bdictionaryentry%5D=130&cHash=71dee83fdbf67137ac0503b9ac9468a6,news,html
https://www.lebenshilfe.de/woerterbuch/woerterbuch-detail?tx_lfdictionary_detail%5Baction%5D=show&tx_lfdictionary_detail%5Bcontroller%5D=Dictionaryentry&tx_lfdictionary_detail%5Bdictionaryentry%5D=129&cHash=2fd63c2f72d5c80407616583fdfc3cc4,news,hotline
https://www.lebenshilfe.de/woerterbuch/woerterbuch-detail?tx_lfdictionary_detail%5Baction%5D=show&tx_lfdictionary_detail%5Bcontroller%5D=Dictionaryentry&tx_lfdictionary_detail%5Bdictionaryentry%5D=134&cHash=0343ed6ce337824f8d56c8f63f2210f7,news,hor-gerat
https://www.lebenshilfe.de/woerterbuch/woerterbuch-detail?tx_lfdictionary_detail%5Baction%5D=show&tx_lfdictionary_detail%5Bcontroller%5D=Dictionaryentry&tx_lfdictionary_detail%5Bdictionaryentry%5D=128&cHash=6ac3236373f2b3776931c6410dfc34f9,news,homosexuell
https://www.lebenshilfe.de/woerterbuch/woerterbuch-detail?tx_lfdictionary_detail%5Baction%5D=show&tx_lfdictionary_detail%5Bcontroller%5D=Dictionaryentry&tx_lfdictionary_detail%5Bdictionaryentry%5D=127&cHash=8eb6710c468d5be241b5f5f8866cd6cb,news,holocaust
https://www.lebenshilfe.de/woerterbuch/woerterbuch-detail?tx_lfdictionary_detail%5Baction%5D=show&tx_lfdictionary_detail%5Bcontroller%5D=Dictionaryentry&tx_lfdictionary_detail%5Bdictionaryentry%5D=214&cHash=bea01e4ebba37bd0ea84cdbdb5def452,news,pubertat
https://www.lebenshilfe.de/woerterbuch/woerterbuch-detail?tx_lfdictionary_detail%5Baction%5D=show&tx_lfdictionary_detail%5Bcontroller%5D=Dictionaryentry&tx_lfdictionary_detail%5Bdictionaryentry%5D=213&cHash=9584dadd613e9883bd0c6d735b018582,news,prufergruppe
https://www.lebenshilfe.de/woerterbuch/woerterbuch-detail?tx_lfdictionary_detail%5Baction%5D=show&tx_lfdictionary_detail%5Bcontroller%5D=Dictionaryentry&tx_lfdictionary_detail%5Bdictionaryentry%5D=210&cHash=23761100a519fb934df397602015bb6b,news,privatsphare
https://www.lebenshilfe.de/woerterbuch/woerterbuch-detail?tx_lfdictionary_detail%5Baction%5D=show&tx_lfdictionary_detail%5Bcontroller%5D=Dictionaryentry&tx_lfdictionary_detail%5Bdictionaryentry%5D=209&cHash=b37582c33ead39bc00d99e3fd3f07fe4,news,presse
https://www.lebenshilfe.de/woerterbuch/woerterbuch-detail?tx_lfdictionary_detail%5Baction%5D=show&tx_lfdictionary_detail%5Bcontroller%5D=Dictionaryentry&tx_lfdictionary_detail%5Bdictionaryentry%5D=208&cHash=b6e7792d1a4f41bc7fe7236c21ea5fc2,news,praxis
https://www.lebenshilfe.de/woerterbuch/woerterbuch-detail?tx_lfdictionary_detail%5Baction%5D=show&tx_lfdictionary_detail%5Bcontroller%5D=Dictionaryentry&tx_lfdictionary_detail%5Bdictionaryentry%5D=207&cHash=f188398e54448cf73947457903aaa672,news,praktikum
https://www.lebenshilfe.de/woerterbuch/woerterbuch-detail?tx_lfdictionary_detail%5Baction%5D=show&tx_lfdictionary_detail%5Bcontroller%5D=Dictionaryentry&tx_lfdictionary_detail%5Bdictionaryentry%5D=205&cHash=d7eebccc80d278774e4a790514842f09,news,pille
https://www.lebenshilfe.de/woerterbuch/woerterbuch-detail?tx_lfdictionary_detail%5Baction%5D=show&tx_lfdictionary_detail%5Bcontroller%5D=Dictionaryentry&tx_lfdictionary_detail%5Bdictionaryentry%5D=203&cHash=c776a85bfa9b33f7f2e955f118d7f976,news,pflicht
https://www.lebenshilfe.de/woerterbuch/woerterbuch-detail?tx_lfdictionary_detail%5Baction%5D=show&tx_lfdictionary_detail%5Bcontroller%5D=Dictionaryentry&tx_lfdictionary_detail%5Bdictionaryentry%5D=202&cHash=1fa52cd73b7db4fab921f04cfa0223a2,news,pflege-versicherung
https://www.lebenshilfe.de/woerterbuch/woerterbuch-detail?tx_lfdictionary_detail%5Baction%5D=show&tx_lfdictionary_detail%5Bcontroller%5D=Dictionaryentry&tx_lfdictionary_detail%5Bdictionaryentry%5D=200&cHash=315feee3c12a6db655c3119329d0d3b3,news,personliches-budget
https://www.lebenshilfe.de/woerterbuch/woerterbuch-detail?tx_lfdictionary_detail%5Baction%5D=show&tx_lfdictionary_detail%5Bcontroller%5D=Dictionaryentry&tx_lfdictionary_detail%5Bdictionaryentry%5D=201&cHash=a5cc63f29b973b443d9be9ccfdbea370,news,personliche-zukunfts-planung
https://www.lebenshilfe.de/woerterbuch/woerterbuch-detail?tx_lfdictionary_detail%5Baction%5D=show&tx_lfdictionary_detail%5Bcontroller%5D=Dictionaryentry&tx_lfdictionary_detail%5Bdictionaryentry%5D=199&cHash=90c0acf56b80a14e8c7b878bf62bc9f2,news,personal
https://www.lebenshilfe.de/woerterbuch/woerterbuch-detail?tx_lfdictionary_detail%5Baction%5D=show&tx_lfdictionary_detail%5Bcontroller%5D=Dictionaryentry&tx_lfdictionary_detail%5Bdictionaryentry%5D=198&cHash=0745296f33f4f682aed295b4f64a7eb8,news,pc-kurs
https://www.lebenshilfe.de/woerterbuch/woerterbuch-detail?tx_lfdictionary_detail%5Baction%5D=show&tx_lfdictionary_detail%5Bcontroller%5D=Dictionaryentry&tx_lfdictionary_detail%5Bdictionaryentry%5D=197&cHash=d5e89c9de633036ef813bb0e79349a09,news,partei
https://www.lebenshilfe.de/woerterbuch/woerterbuch-detail?tx_lfdictionary_detail%5Baction%5D=show&tx_lfdictionary_detail%5Bcontroller%5D=Dictionaryentry&tx_lfdictionary_detail%5Bdictionaryentry%5D=196&cHash=505a6b4adc8f557274964d76912bc68c,news,parlamentarischer-abend
https://www.lebenshilfe.de/woerterbuch/woerterbuch-detail?tx_lfdictionary_detail%5Baction%5D=show&tx_lfdictionary_detail%5Bcontroller%5D=Dictionaryentry&tx_lfdictionary_detail%5Bdictionaryentry%5D=195&cHash=e42a72cbc6ddffad28fef1886680a925,news,parlamentarier-parlamentarierin
https://www.lebenshilfe.de/woerterbuch/woerterbuch-detail?tx_lfdictionary_detail%5Baction%5D=show&tx_lfdictionary_detail%5Bcontroller%5D=Dictionaryentry&tx_lfdictionary_detail%5Bdictionaryentry%5D=358&cHash=5fab387ea18c18fcadce2193861de3a6,news,hotspot
https://www.lebenshilfe.de/woerterbuch/woerterbuch-detail?tx_lfdictionary_detail%5Baction%5D=show&tx_lfdictionary_detail%5Bcontroller%5D=Dictionaryentry&tx_lfdictionary_detail%5Bdictionaryentry%5D=357&cHash=1bd18c19535e29030d40c4068c027631,news,gps
https://www.lebenshilfe.de/woerterbuch/woerterbuch-detail?tx_lfdictionary_detail%5Baction%5D=show&tx_lfdictionary_detail%5Bcontroller%5D=Dictionaryentry&tx_lfdictionary_detail%5Bdictionaryentry%5D=356&cHash=d37a3707573ffa568250c87423eb0ecb,news,bluetooth
https://www.lebenshilfe.de/woerterbuch/woerterbuch-detail?tx_lfdictionary_detail%5Baction%5D=show&tx_lfdictionary_detail%5Bcontroller%5D=Dictionaryentry&tx_lfdictionary_detail%5Bdictionaryentry%5D=355&cHash=824823e1c49bbc6e753365df9aba5078,news,android
https://www.lebenshilfe.de/woerterbuch/woerterbuch-detail?tx_lfdictionary_detail%5Baction%5D=show&tx_lfdictionary_detail%5Bcontroller%5D=Dictionaryentry&tx_lfdictionary_detail%5Bdictionaryentry%5D=16&cHash=fc169fd24de6fb815b7dc3b725d7a7f8,news,angela-merkel
https://www.lebenshilfe.de/woerterbuch/woerterbuch-detail?tx_lfdictionary_detail%5Baction%5D=show&tx_lfdictionary_detail%5Bcontroller%5D=Dictionaryentry&tx_lfdictionary_detail%5Bdictionaryentry%5D=20&cHash=97cd6c179088caa7dd7cdae48022d6a2,news,bundes-kanzler-bundes-kanzlerin
https://www.lebenshilfe.de/woerterbuch/woerterbuch-detail?tx_lfdictionary_detail%5Baction%5D=show&tx_lfdictionary_detail%5Bcontroller%5D=Dictionaryentry&tx_lfdictionary_detail%5Bdictionaryentry%5D=182&cHash=95a5352fc8881427c7ac2a099991a90c,news,museum
https://www.lebenshilfe.de/woerterbuch/woerterbuch-detail?tx_lfdictionary_detail%5Baction%5D=show&tx_lfdictionary_detail%5Bcontroller%5D=Dictionaryentry&tx_lfdictionary_detail%5Bdictionaryentry%5D=183&cHash=df59616ec83de81c903d93a48c92605f,news,moglichkeit
https://www.lebenshilfe.de/woerterbuch/woerterbuch-detail?tx_lfdictionary_detail%5Baction%5D=show&tx_lfdictionary_detail%5Bcontroller%5D=Dictionaryentry&tx_lfdictionary_detail%5Bdictionaryentry%5D=181&cHash=0b7e1f3098ac5e61699730aa036144e8,news,moderator
https://www.lebenshilfe.de/woerterbuch/woerterbuch-detail?tx_lfdictionary_detail%5Baction%5D=show&tx_lfdictionary_detail%5Bcontroller%5D=Dictionaryentry&tx_lfdictionary_detail%5Bdictionaryentry%5D=180&cHash=8f1295f14536be84c6b2cce7ffbe1ec9,news,model
https://www.lebenshilfe.de/woerterbuch/woerterbuch-detail?tx_lfdictionary_detail%5Baction%5D=show&tx_lfdictionary_detail%5Bcontroller%5D=Dictionaryentry&tx_lfdictionary_detail%5Bdictionaryentry%5D=179&cHash=51dfe1a978f7c95b71a84d3667cfda72,news,misstrauen
https://www.lebenshilfe.de/woerterbuch/woerterbuch-detail?tx_lfdictionary_detail%5Baction%5D=show&tx_lfdictionary_detail%5Bcontroller%5D=Dictionaryentry&tx_lfdictionary_detail%5Bdictionaryentry%5D=330&cHash=7390e78bb7fc785901d94c4463016ad6,news,mindest-lohn
https://www.lebenshilfe.de/woerterbuch/woerterbuch-detail?tx_lfdictionary_detail%5Baction%5D=show&tx_lfdictionary_detail%5Bcontroller%5D=Dictionaryentry&tx_lfdictionary_detail%5Bdictionaryentry%5D=178&cHash=3440c0ac6059f5560f8ccd7c36935801,news,migrations-hintergrund
https://www.lebenshilfe.de/woerterbuch/woerterbuch-detail?tx_lfdictionary_detail%5Baction%5D=show&tx_lfdictionary_detail%5Bcontroller%5D=Dictionaryentry&tx_lfdictionary_detail%5Bdictionaryentry%5D=177&cHash=f7a36b254ed6682a77f0f4110ca81c86,news,menschen-rechte
https://www.lebenshilfe.de/woerterbuch/woerterbuch-detail?tx_lfdictionary_detail%5Baction%5D=show&tx_lfdictionary_detail%5Bcontroller%5D=Dictionaryentry&tx_lfdictionary_detail%5Bdictionaryentry%5D=176&cHash=1315c2fd1e051ef0ea6879820126412e,news,medikament
https://www.lebenshilfe.de/woerterbuch/woerterbuch-detail?tx_lfdictionary_detail%5Baction%5D=show&tx_lfdictionary_detail%5Bcontroller%5D=Dictionaryentry&tx_lfdictionary_detail%5Bdictionaryentry%5D=193&cHash=6db82ed8684515312d263d5c17c37bad,news,organisation
https://www.lebenshilfe.de/woerterbuch/woerterbuch-detail?tx_lfdictionary_detail%5Baction%5D=show&tx_lfdictionary_detail%5Bcontroller%5D=Dictionaryentry&tx_lfdictionary_detail%5Bdictionaryentry%5D=192&cHash=58510032dc7842c26b6b0a2464cd47f9,news,optiker
https://www.lebenshilfe.de/woerterbuch/woerterbuch-detail?tx_lfdictionary_detail%5Baction%5D=show&tx_lfdictionary_detail%5Bcontroller%5D=Dictionaryentry&tx_lfdictionary_detail%5Bdictionaryentry%5D=190&cHash=f12c47baa7567f6db5512b3d8a81a0b2,news,notruf
https://www.lebenshilfe.de/woerterbuch/woerterbuch-detail?tx_lfdictionary_detail%5Baction%5D=show&tx_lfdictionary_detail%5Bcontroller%5D=Dictionaryentry&tx_lfdictionary_detail%5Bdictionaryentry%5D=189&cHash=88a433e1599c100b41f546e64c3f45b8,news,noten
https://www.lebenshilfe.de/woerterbuch/woerterbuch-detail?tx_lfdictionary_detail%5Baction%5D=show&tx_lfdictionary_detail%5Bcontroller%5D=Dictionaryentry&tx_lfdictionary_detail%5Bdictionaryentry%5D=188&cHash=72962ba51bb113ad0b16783363cf13da,news,notebook
https://www.lebenshilfe.de/woerterbuch/woerterbuch-detail?tx_lfdictionary_detail%5Baction%5D=show&tx_lfdictionary_detail%5Bcontroller%5D=Dictionaryentry&tx_lfdictionary_detail%5Bdictionaryentry%5D=187&cHash=0d36378ce9d3553d6f41c5cb7093abfe,news,netzwerk-leichte-sprache
https://www.lebenshilfe.de/woerterbuch/woerterbuch-detail?tx_lfdictionary_detail%5Baction%5D=show&tx_lfdictionary_detail%5Bcontroller%5D=Dictionaryentry&tx_lfdictionary_detail%5Bdictionaryentry%5D=186&cHash=61527bc7d33fdf9fa28e6db42537d04e,news,netzwerk
https://www.lebenshilfe.de/woerterbuch/woerterbuch-detail?tx_lfdictionary_detail%5Baction%5D=show&tx_lfdictionary_detail%5Bcontroller%5D=Dictionaryentry&tx_lfdictionary_detail%5Bdictionaryentry%5D=185&cHash=bb1953d83e9ad3319358eb57330003f8,news,narkose
https://www.lebenshilfe.de/woerterbuch/woerterbuch-detail?tx_lfdictionary_detail%5Baction%5D=show&tx_lfdictionary_detail%5Bcontroller%5D=Dictionaryentry&tx_lfdictionary_detail%5Bdictionaryentry%5D=184&cHash=463bc92a4424f870474297492f80fa25,news,nachrichten
https://www.lebenshilfe.de/woerterbuch/woerterbuch-detail?tx_lfdictionary_detail%5Baction%5D=show&tx_lfdictionary_detail%5Bcontroller%5D=Dictionaryentry&tx_lfdictionary_detail%5Bdictionaryentry%5D=350&cHash=53e39c3b1c7cd6b3aa5a1933d95b1558,news,tablet-tablet-computer
https://www.lebenshilfe.de/woerterbuch/woerterbuch-detail?tx_lfdictionary_detail%5Baction%5D=show&tx_lfdictionary_detail%5Bcontroller%5D=Dictionaryentry&tx_lfdictionary_detail%5Bdictionaryentry%5D=354&cHash=76cb1b6d5009ca15e30c2ffab367a777,news,wlan
https://www.lebenshilfe.de/woerterbuch/woerterbuch-detail?tx_lfdictionary_detail%5Baction%5D=show&tx_lfdictionary_detail%5Bcontroller%5D=Dictionaryentry&tx_lfdictionary_detail%5Bdictionaryentry%5D=353&cHash=74b10d165678143be70e54748e533c9e,news,verfahrens-lotsen
https://www.lebenshilfe.de/woerterbuch/woerterbuch-detail?tx_lfdictionary_detail%5Baction%5D=show&tx_lfdictionary_detail%5Bcontroller%5D=Dictionaryentry&tx_lfdictionary_detail%5Bdictionaryentry%5D=352&cHash=411a1578f5f3ba3ffe468f8908f396d7,news,verbands-klage-recht
https://www.lebenshilfe.de/woerterbuch/woerterbuch-detail?tx_lfdictionary_detail%5Baction%5D=show&tx_lfdictionary_detail%5Bcontroller%5D=Dictionaryentry&tx_lfdictionary_detail%5Bdictionaryentry%5D=351&cHash=ad881ea3a15bfcd0832159fdcd3c7192,news,unterstutzungs-leistungen
https://www.lebenshilfe.de/woerterbuch/woerterbuch-detail?tx_lfdictionary_detail%5Baction%5D=show&tx_lfdictionary_detail%5Bcontroller%5D=Dictionaryentry&tx_lfdictionary_detail%5Bdictionaryentry%5D=339&cHash=7c38a7094ea7638c01f12563fe26e948,news,app
https://www.lebenshilfe.de/woerterbuch/woerterbuch-detail?tx_lfdictionary_detail%5Baction%5D=show&tx_lfdictionary_detail%5Bcontroller%5D=Dictionaryentry&tx_lfdictionary_detail%5Bdictionaryentry%5D=349&cHash=6d12fa00f8a99bf6dbb9265b2a6d09c7,news,stiftung
https://www.lebenshilfe.de/woerterbuch/woerterbuch-detail?tx_lfdictionary_detail%5Baction%5D=show&tx_lfdictionary_detail%5Bcontroller%5D=Dictionaryentry&tx_lfdictionary_detail%5Bdictionaryentry%5D=348&cHash=f7bad000dd10fc38cf3bc8b3ce110133,news,sozial-gesetz-buch-8
https://www.lebenshilfe.de/woerterbuch/woerterbuch-detail?tx_lfdictionary_detail%5Baction%5D=show&tx_lfdictionary_detail%5Bcontroller%5D=Dictionaryentry&tx_lfdictionary_detail%5Bdictionaryentry%5D=27&cHash=39a366bcf9a837e1b7be378d32ab6d5f,news,antibiotikum
https://www.lebenshilfe.de/woerterbuch/woerterbuch-detail?tx_lfdictionary_detail%5Baction%5D=show&tx_lfdictionary_detail%5Bcontroller%5D=Dictionaryentry&tx_lfdictionary_detail%5Bdictionaryentry%5D=25&cHash=c86cb4fb8632f9c788219b8591b5066e,news,angst
https://www.lebenshilfe.de/woerterbuch/woerterbuch-detail?tx_lfdictionary_detail%5Baction%5D=show&tx_lfdictionary_detail%5Bcontroller%5D=Dictionaryentry&tx_lfdictionary_detail%5Bdictionaryentry%5D=24&cHash=9b0e6a0bdfba62011b2adfdd2f9778a5,news,angehorige
https://www.lebenshilfe.de/woerterbuch/woerterbuch-detail?tx_lfdictionary_detail%5Baction%5D=show&tx_lfdictionary_detail%5Bcontroller%5D=Dictionaryentry&tx_lfdictionary_detail%5Bdictionaryentry%5D=14&cHash=428ef9c64ea5ba6e1fb9c4eb808a6b88,news,alzheimer
https://www.lebenshilfe.de/woerterbuch/woerterbuch-detail?tx_lfdictionary_detail%5Baction%5D=show&tx_lfdictionary_detail%5Bcontroller%5D=Dictionaryentry&tx_lfdictionary_detail%5Bdictionaryentry%5D=13&cHash=771d19b59d940da2f1aa1d901c0d51c1,news,alphabet
https://www.lebenshilfe.de/woerterbuch/woerterbuch-detail?tx_lfdictionary_detail%5Baction%5D=show&tx_lfdictionary_detail%5Bcontroller%5D=Dictionaryentry&tx_lfdictionary_detail%5Bdictionaryentry%5D=6&cHash=b08bae335ddc52d14dbc0c2d1343affe,news,aktion-t4
https://www.lebenshilfe.de/woerterbuch/woerterbuch-detail?tx_lfdictionary_detail%5Baction%5D=show&tx_lfdictionary_detail%5Bcontroller%5D=Dictionaryentry&tx_lfdictionary_detail%5Bdictionaryentry%5D=4&cHash=493df9594ac627e7b043aaee60793e8b,news,agentur-fur-arbeit
https://www.lebenshilfe.de/woerterbuch/woerterbuch-detail?tx_lfdictionary_detail%5Baction%5D=show&tx_lfdictionary_detail%5Bcontroller%5D=Dictionaryentry&tx_lfdictionary_detail%5Bdictionaryentry%5D=3&cHash=7e5c3531bd6a6ce621f7cec41bcaef23,news,abstimmung
https://www.lebenshilfe.de/woerterbuch/woerterbuch-detail?tx_lfdictionary_detail%5Baction%5D=show&tx_lfdictionary_detail%5Bcontroller%5D=Dictionaryentry&tx_lfdictionary_detail%5Bdictionaryentry%5D=1&cHash=1230b1a6ff4cfe8255a6754c6249a90b,news,abgeordnete-abgeordneter
https://www.lebenshilfe.de/woerterbuch/woerterbuch-detail?tx_lfdictionary_detail%5Baction%5D=show&tx_lfdictionary_detail%5Bcontroller%5D=Dictionaryentry&tx_lfdictionary_detail%5Bdictionaryentry%5D=64&cHash=200f923d494ccfb6bcd3ae60b4531023,news,cello
https://www.lebenshilfe.de/woerterbuch/woerterbuch-detail?tx_lfdictionary_detail%5Baction%5D=show&tx_lfdictionary_detail%5Bcontroller%5D=Dictionaryentry&tx_lfdictionary_detail%5Bdictionaryentry%5D=113&cHash=2d636e0f4c92f93f9cb3b83c4a8af140,news,geld-automat
https://www.lebenshilfe.de/woerterbuch/woerterbuch-detail?tx_lfdictionary_detail%5Baction%5D=show&tx_lfdictionary_detail%5Bcontroller%5D=Dictionaryentry&tx_lfdictionary_detail%5Bdictionaryentry%5D=19&cHash=74f2e2722c52dad6f136e11adaaa57f7,news,bank
https://www.lebenshilfe.de/woerterbuch/woerterbuch-detail?tx_lfdictionary_detail%5Baction%5D=show&tx_lfdictionary_detail%5Bcontroller%5D=Dictionaryentry&tx_lfdictionary_detail%5Bdictionaryentry%5D=34&cHash=417d9018705b7ab68baa078cf1429a6a,news,arztfach-arzt
https://www.lebenshilfe.de/woerterbuch/woerterbuch-detail?tx_lfdictionary_detail%5Baction%5D=show&tx_lfdictionary_detail%5Bcontroller%5D=Dictionaryentry&tx_lfdictionary_detail%5Bdictionaryentry%5D=33&cHash=3ed898b1bf4e55406e4741b9d537ef3a,news,arzt-praxis
https://www.lebenshilfe.de/woerterbuch/woerterbuch-detail?tx_lfdictionary_detail%5Baction%5D=show&tx_lfdictionary_detail%5Bcontroller%5D=Dictionaryentry&tx_lfdictionary_detail%5Bdictionaryentry%5D=38&cHash=31fd9d04578f56b93d60905320e52682,news,ausbildung
https://www.lebenshilfe.de/woerterbuch/woerterbuch-detail?tx_lfdictionary_detail%5Baction%5D=show&tx_lfdictionary_detail%5Bcontroller%5D=Dictionaryentry&tx_lfdictionary_detail%5Bdictionaryentry%5D=35&cHash=310ed6c1ebfd1e6c52f48aa0b7b1d6f7,news,assistenz
https://www.lebenshilfe.de/woerterbuch/woerterbuch-detail?tx_lfdictionary_detail%5Baction%5D=show&tx_lfdictionary_detail%5Bcontroller%5D=Dictionaryentry&tx_lfdictionary_detail%5Bdictionaryentry%5D=10&cHash=8085567fafed88bd5706e8597dac5f71,news,aids
https://www.lebenshilfe.de/woerterbuch/woerterbuch-detail?tx_lfdictionary_detail%5Baction%5D=show&tx_lfdictionary_detail%5Bcontroller%5D=Dictionaryentry&tx_lfdictionary_detail%5Bdictionaryentry%5D=229&cHash=bf0175053d566a63cecdd5017a27547d,news,schirmherr
https://www.lebenshilfe.de/woerterbuch/woerterbuch-detail?tx_lfdictionary_detail%5Baction%5D=show&tx_lfdictionary_detail%5Bcontroller%5D=Dictionaryentry&tx_lfdictionary_detail%5Bdictionaryentry%5D=126&cHash=60c92349eb6f64e2c3120196a4e4a6bd,news,hobby
https://www.lebenshilfe.de/woerterbuch/woerterbuch-detail?tx_lfdictionary_detail%5Baction%5D=show&tx_lfdictionary_detail%5Bcontroller%5D=Dictionaryentry&tx_lfdictionary_detail%5Bdictionaryentry%5D=125&cHash=aedb29b721811b1cf7096058b1380d64,news,heterosexuell
https://www.lebenshilfe.de/woerterbuch/woerterbuch-detail?tx_lfdictionary_detail%5Baction%5D=show&tx_lfdictionary_detail%5Bcontroller%5D=Dictionaryentry&tx_lfdictionary_detail%5Bdictionaryentry%5D=123&cHash=ffe5d7f0e2297f804eb239e27a4d6eb2,news,haustier
https://www.lebenshilfe.de/woerterbuch/woerterbuch-detail?tx_lfdictionary_detail%5Baction%5D=show&tx_lfdictionary_detail%5Bcontroller%5D=Dictionaryentry&tx_lfdictionary_detail%5Bdictionaryentry%5D=132&cHash=78ddcfd22e6a4caa06a8a7469a18c724,news,hausliche-pflege
https://www.lebenshilfe.de/woerterbuch/woerterbuch-detail?tx_lfdictionary_detail%5Baction%5D=show&tx_lfdictionary_detail%5Bcontroller%5D=Dictionaryentry&tx_lfdictionary_detail%5Bdictionaryentry%5D=122&cHash=e99cafe5a360339e2620d5d189a607ef,news,handy
https://www.lebenshilfe.de/woerterbuch/woerterbuch-detail?tx_lfdictionary_detail%5Baction%5D=show&tx_lfdictionary_detail%5Bcontroller%5D=Dictionaryentry&tx_lfdictionary_detail%5Bdictionaryentry%5D=120&cHash=f82d12f293dd9698ec352f37334d0507,news,gremium
https://www.lebenshilfe.de/woerterbuch/woerterbuch-detail?tx_lfdictionary_detail%5Baction%5D=show&tx_lfdictionary_detail%5Bcontroller%5D=Dictionaryentry&tx_lfdictionary_detail%5Bdictionaryentry%5D=119&cHash=3a1af411da4b56fcc745ef971f377a7d,news,gramm-g
https://www.lebenshilfe.de/woerterbuch/woerterbuch-detail?tx_lfdictionary_detail%5Baction%5D=show&tx_lfdictionary_detail%5Bcontroller%5D=Dictionaryentry&tx_lfdictionary_detail%5Bdictionaryentry%5D=118&cHash=b00a46b992a6635cb8711cde69eb0847,news,google
https://www.lebenshilfe.de/woerterbuch/woerterbuch-detail?tx_lfdictionary_detail%5Baction%5D=show&tx_lfdictionary_detail%5Bcontroller%5D=Dictionaryentry&tx_lfdictionary_detail%5Bdictionaryentry%5D=117&cHash=159d89790f7ff846783aa092797024ee,news,gesetz
https://www.lebenshilfe.de/woerterbuch/woerterbuch-detail?tx_lfdictionary_detail%5Baction%5D=show&tx_lfdictionary_detail%5Bcontroller%5D=Dictionaryentry&tx_lfdictionary_detail%5Bdictionaryentry%5D=302&cHash=1e6bfde54e77f1bbedc96de47d99a25c,news,geschafts-ordnung
https://www.lebenshilfe.de/woerterbuch/woerterbuch-detail?tx_lfdictionary_detail%5Baction%5D=show&tx_lfdictionary_detail%5Bcontroller%5D=Dictionaryentry&tx_lfdictionary_detail%5Bdictionaryentry%5D=116&cHash=ca6cd02db5a994408df68fcec5ce9b30,news,geschafts-fahigkeit
https://www.lebenshilfe.de/woerterbuch/woerterbuch-detail?tx_lfdictionary_detail%5Baction%5D=show&tx_lfdictionary_detail%5Bcontroller%5D=Dictionaryentry&tx_lfdictionary_detail%5Bdictionaryentry%5D=115&cHash=eac524aca604fdefcc1ef8a59f951f9d,news,gerucht
https://www.lebenshilfe.de/woerterbuch/woerterbuch-detail?tx_lfdictionary_detail%5Baction%5D=show&tx_lfdictionary_detail%5Bcontroller%5D=Dictionaryentry&tx_lfdictionary_detail%5Bdictionaryentry%5D=114&cHash=e6dc35b035d85cc6b2bf3c0810b086f2,news,gemeinde
https://www.lebenshilfe.de/woerterbuch/woerterbuch-detail?tx_lfdictionary_detail%5Baction%5D=show&tx_lfdictionary_detail%5Bcontroller%5D=Dictionaryentry&tx_lfdictionary_detail%5Bdictionaryentry%5D=112&cHash=7f19d8f8e53591b0ff981ada01f63ca4,news,gehorlos
https://www.lebenshilfe.de/woerterbuch/woerterbuch-detail?tx_lfdictionary_detail%5Baction%5D=show&tx_lfdictionary_detail%5Bcontroller%5D=Dictionaryentry&tx_lfdictionary_detail%5Bdictionaryentry%5D=111&cHash=692168143c8c625273abb463ed39b2a7,news,gefuhl-grund-gefuhl
https://www.lebenshilfe.de/woerterbuch/woerterbuch-detail?tx_lfdictionary_detail%5Baction%5D=show&tx_lfdictionary_detail%5Bcontroller%5D=Dictionaryentry&tx_lfdictionary_detail%5Bdictionaryentry%5D=109&cHash=ebc6a1b3f4946325c7f08d633d309de9,news,gebarden-sprache
https://www.lebenshilfe.de/woerterbuch/woerterbuch-detail?tx_lfdictionary_detail%5Baction%5D=show&tx_lfdictionary_detail%5Bcontroller%5D=Dictionaryentry&tx_lfdictionary_detail%5Bdictionaryentry%5D=107&cHash=3328b00e4df1fa8d2be5f553ba4a1942,news,freund
https://www.lebenshilfe.de/woerterbuch/woerterbuch-detail?tx_lfdictionary_detail%5Baction%5D=show&tx_lfdictionary_detail%5Bcontroller%5D=Dictionaryentry&tx_lfdictionary_detail%5Bdictionaryentry%5D=106&cHash=05838f15f69b6e0d12cf130102d93338,news,frauen-arzt-gynakologe
https://www.lebenshilfe.de/woerterbuch/woerterbuch-detail?tx_lfdictionary_detail%5Baction%5D=show&tx_lfdictionary_detail%5Bcontroller%5D=Dictionaryentry&tx_lfdictionary_detail%5Bdictionaryentry%5D=308&cHash=d64a16a55cdb94d9eef836bf1eaa2379,news,follower
https://www.lebenshilfe.de/woerterbuch/woerterbuch-detail?tx_lfdictionary_detail%5Baction%5D=show&tx_lfdictionary_detail%5Bcontroller%5D=Dictionaryentry&tx_lfdictionary_detail%5Bdictionaryentry%5D=105&cHash=5f7a8aa95e7205a7f663a8637f936754,news,flohmarkt
https://www.lebenshilfe.de/woerterbuch/woerterbuch-detail?tx_lfdictionary_detail%5Baction%5D=show&tx_lfdictionary_detail%5Bcontroller%5D=Dictionaryentry&tx_lfdictionary_detail%5Bdictionaryentry%5D=103&cHash=1ce597d21158badee5bf40d40643b268,news,flip-chart
https://www.lebenshilfe.de/woerterbuch/woerterbuch-detail?tx_lfdictionary_detail%5Baction%5D=show&tx_lfdictionary_detail%5Bcontroller%5D=Dictionaryentry&tx_lfdictionary_detail%5Bdictionaryentry%5D=102&cHash=7102c3c49ed5a90ed245a2a4fa4bc484,news,finanzen
https://www.lebenshilfe.de/woerterbuch/woerterbuch-detail?tx_lfdictionary_detail%5Baction%5D=show&tx_lfdictionary_detail%5Bcontroller%5D=Dictionaryentry&tx_lfdictionary_detail%5Bdictionaryentry%5D=101&cHash=7f6014811bdfa5b2644855f3ce47fe34,news,fan
https://www.lebenshilfe.de/woerterbuch/woerterbuch-detail?tx_lfdictionary_detail%5Baction%5D=show&tx_lfdictionary_detail%5Bcontroller%5D=Dictionaryentry&tx_lfdictionary_detail%5Bdictionaryentry%5D=310&cHash=eaa6d59e8584ac9426ed16e6286b8236,news,fake-news
https://www.lebenshilfe.de/woerterbuch/woerterbuch-detail?tx_lfdictionary_detail%5Baction%5D=show&tx_lfdictionary_detail%5Bcontroller%5D=Dictionaryentry&tx_lfdictionary_detail%5Bdictionaryentry%5D=100&cHash=069fca8ce36840e97daac1326f9543e8,news,fair-trade
https://www.lebenshilfe.de/woerterbuch/woerterbuch-detail?tx_lfdictionary_detail%5Baction%5D=show&tx_lfdictionary_detail%5Bcontroller%5D=Dictionaryentry&tx_lfdictionary_detail%5Bdictionaryentry%5D=99&cHash=80c5243b01259c8f00bcae93ac10a79a,news,fahrdienst
https://www.lebenshilfe.de/woerterbuch/woerterbuch-detail?tx_lfdictionary_detail%5Baction%5D=show&tx_lfdictionary_detail%5Bcontroller%5D=Dictionaryentry&tx_lfdictionary_detail%5Bdictionaryentry%5D=108&cHash=7b99df47156a27e7c27a16d845bc767e,news,fahigkeit
https://www.lebenshilfe.de/woerterbuch/woerterbuch-detail?tx_lfdictionary_detail%5Baction%5D=show&tx_lfdictionary_detail%5Bcontroller%5D=Dictionaryentry&tx_lfdictionary_detail%5Bdictionaryentry%5D=98&cHash=25cb91e2c028b98cc5b4b06724b0ffd2,news,fach-verband
https://www.lebenshilfe.de/woerterbuch/woerterbuch-detail?tx_lfdictionary_detail%5Baction%5D=show&tx_lfdictionary_detail%5Bcontroller%5D=Dictionaryentry&tx_lfdictionary_detail%5Bdictionaryentry%5D=97&cHash=a4a585babf69d20b3b39a85cff995fc3,news,fach-arzt-arzt
https://www.lebenshilfe.de/woerterbuch/woerterbuch-detail?tx_lfdictionary_detail%5Baction%5D=show&tx_lfdictionary_detail%5Bcontroller%5D=Dictionaryentry&tx_lfdictionary_detail%5Bdictionaryentry%5D=96&cHash=6be51759f111b585e27e167d28019526,news,facebook
https://www.lebenshilfe.de/woerterbuch/woerterbuch-detail?tx_lfdictionary_detail%5Baction%5D=show&tx_lfdictionary_detail%5Bcontroller%5D=Dictionaryentry&tx_lfdictionary_detail%5Bdictionaryentry%5D=95&cHash=794929a45be3c139c3d62a7088e35ec1,news,europa
https://www.lebenshilfe.de/woerterbuch/woerterbuch-detail?tx_lfdictionary_detail%5Baction%5D=show&tx_lfdictionary_detail%5Bcontroller%5D=Dictionaryentry&tx_lfdictionary_detail%5Bdictionaryentry%5D=94&cHash=ab63e8d3ff811c726baf1635730d5401,news,euro
https://www.lebenshilfe.de/woerterbuch/woerterbuch-detail?tx_lfdictionary_detail%5Baction%5D=show&tx_lfdictionary_detail%5Bcontroller%5D=Dictionaryentry&tx_lfdictionary_detail%5Bdictionaryentry%5D=93&cHash=d0bca2866f860d7642c6dba91c58cc31,news,erster-arbeits-markt
https://www.lebenshilfe.de/woerterbuch/woerterbuch-detail?tx_lfdictionary_detail%5Baction%5D=show&tx_lfdictionary_detail%5Bcontroller%5D=Dictionaryentry&tx_lfdictionary_detail%5Bdictionaryentry%5D=92&cHash=e2ce7cc0994bb0d39e8da0bd83e47ddd,news,erste-hilfe
https://www.lebenshilfe.de/woerterbuch/woerterbuch-detail?tx_lfdictionary_detail%5Baction%5D=show&tx_lfdictionary_detail%5Bcontroller%5D=Dictionaryentry&tx_lfdictionary_detail%5Bdictionaryentry%5D=91&cHash=8db52b6fb5ffef54742587d1d49fa9e0,news,erst-stimme
https://www.lebenshilfe.de/woerterbuch/woerterbuch-detail?tx_lfdictionary_detail%5Baction%5D=show&tx_lfdictionary_detail%5Bcontroller%5D=Dictionaryentry&tx_lfdictionary_detail%5Bdictionaryentry%5D=90&cHash=d1bd05d18134abcbca8b64421e493761,news,erotik
https://www.lebenshilfe.de/woerterbuch/woerterbuch-detail?tx_lfdictionary_detail%5Baction%5D=show&tx_lfdictionary_detail%5Bcontroller%5D=Dictionaryentry&tx_lfdictionary_detail%5Bdictionaryentry%5D=314&cHash=4ffa1e6148f1fc9ae61f9bd5f2372e04,news,hashtag
https://www.lebenshilfe.de/woerterbuch/woerterbuch-detail?tx_lfdictionary_detail%5Baction%5D=show&tx_lfdictionary_detail%5Bcontroller%5D=Dictionaryentry&tx_lfdictionary_detail%5Bdictionaryentry%5D=290&cHash=ab383165b474a3a3f483eb1e95cc4644,news,wohnstatte
https://www.lebenshilfe.de/woerterbuch/woerterbuch-detail?tx_lfdictionary_detail%5Baction%5D=show&tx_lfdictionary_detail%5Bcontroller%5D=Dictionaryentry&tx_lfdictionary_detail%5Bdictionaryentry%5D=289&cHash=3275b4a741ff7b97b8b338ce5dd9247c,news,wohn-vorbereitungs-gruppe
https://www.lebenshilfe.de/woerterbuch/woerterbuch-detail?tx_lfdictionary_detail%5Baction%5D=show&tx_lfdictionary_detail%5Bcontroller%5D=Dictionaryentry&tx_lfdictionary_detail%5Bdictionaryentry%5D=282&cHash=30b086cc6736f8ef75a6bc977c5fc35d,news,wg-wohn-gemeinschaft
https://www.lebenshilfe.de/woerterbuch/woerterbuch-detail?tx_lfdictionary_detail%5Baction%5D=show&tx_lfdictionary_detail%5Bcontroller%5D=Dictionaryentry&tx_lfdictionary_detail%5Bdictionaryentry%5D=247&cHash=b402a85f172d7ce1ffb03e2db5c0a2a3,news,soziale-netzwerke
https://www.lebenshilfe.de/woerterbuch/woerterbuch-detail?tx_lfdictionary_detail%5Baction%5D=show&tx_lfdictionary_detail%5Bcontroller%5D=Dictionaryentry&tx_lfdictionary_detail%5Bdictionaryentry%5D=68&cHash=e95a498ddbc1a5b2ba1c628ff132056d,news,chronik
https://www.lebenshilfe.de/woerterbuch/woerterbuch-detail?tx_lfdictionary_detail%5Baction%5D=show&tx_lfdictionary_detail%5Bcontroller%5D=Dictionaryentry&tx_lfdictionary_detail%5Bdictionaryentry%5D=311&cHash=af79d134fef39a5324fceee935066ec6,news,snapchat
https://www.lebenshilfe.de/woerterbuch/woerterbuch-detail?tx_lfdictionary_detail%5Baction%5D=show&tx_lfdictionary_detail%5Bcontroller%5D=Dictionaryentry&tx_lfdictionary_detail%5Bdictionaryentry%5D=65&cHash=b6a53e670502a87f69eb04b2a3c45e5d,news,chat
https://www.lebenshilfe.de/woerterbuch/woerterbuch-detail?tx_lfdictionary_detail%5Baction%5D=show&tx_lfdictionary_detail%5Bcontroller%5D=Dictionaryentry&tx_lfdictionary_detail%5Bdictionaryentry%5D=110&cHash=1911c268068662bd66d7aa7a5e438afd,news,gefallt-mir
https://www.lebenshilfe.de/woerterbuch/woerterbuch-detail?tx_lfdictionary_detail%5Baction%5D=show&tx_lfdictionary_detail%5Bcontroller%5D=Dictionaryentry&tx_lfdictionary_detail%5Bdictionaryentry%5D=307&cHash=f7fb729db120d08d82269d9380d99e95,news,twitter
https://www.lebenshilfe.de/woerterbuch/woerterbuch-detail?tx_lfdictionary_detail%5Baction%5D=show&tx_lfdictionary_detail%5Bcontroller%5D=Dictionaryentry&tx_lfdictionary_detail%5Bdictionaryentry%5D=89&cHash=857b295e1406633d1a765e64b9989024,news,erneuerbare-energie
https://www.lebenshilfe.de/woerterbuch/woerterbuch-detail?tx_lfdictionary_detail%5Baction%5D=show&tx_lfdictionary_detail%5Bcontroller%5D=Dictionaryentry&tx_lfdictionary_detail%5Bdictionaryentry%5D=88&cHash=78af116dd7be39b668d7f615000858db,news,ensemble
https://www.lebenshilfe.de/woerterbuch/woerterbuch-detail?tx_lfdictionary_detail%5Baction%5D=show&tx_lfdictionary_detail%5Bcontroller%5D=Dictionaryentry&tx_lfdictionary_detail%5Bdictionaryentry%5D=85&cHash=1193cc2f19f0dcb81e84fe3654f74dff,news,eltern-assistenz
https://www.lebenshilfe.de/woerterbuch/woerterbuch-detail?tx_lfdictionary_detail%5Baction%5D=show&tx_lfdictionary_detail%5Bcontroller%5D=Dictionaryentry&tx_lfdictionary_detail%5Bdictionaryentry%5D=84&cHash=92f48401d98ff36e6a0fce2c174a3947,news,eingliederungs-hilfe
https://www.lebenshilfe.de/woerterbuch/woerterbuch-detail?tx_lfdictionary_detail%5Baction%5D=show&tx_lfdictionary_detail%5Bcontroller%5D=Dictionaryentry&tx_lfdictionary_detail%5Bdictionaryentry%5D=83&cHash=99f5840c200efeeae216501da6ae9925,news,ehrenamt
https://www.lebenshilfe.de/woerterbuch/woerterbuch-detail?tx_lfdictionary_detail%5Baction%5D=show&tx_lfdictionary_detail%5Bcontroller%5D=Dictionaryentry&tx_lfdictionary_detail%5Bdictionaryentry%5D=82&cHash=ca59d43d95e391e97672d37c112ce450,news,ec-karte
https://www.lebenshilfe.de/woerterbuch/woerterbuch-detail?tx_lfdictionary_detail%5Baction%5D=show&tx_lfdictionary_detail%5Bcontroller%5D=Dictionaryentry&tx_lfdictionary_detail%5Bdictionaryentry%5D=80&cHash=46c46e66abe881840b53b81fd8b63c84,news,dvd
https://www.lebenshilfe.de/woerterbuch/woerterbuch-detail?tx_lfdictionary_detail%5Baction%5D=show&tx_lfdictionary_detail%5Bcontroller%5D=Dictionaryentry&tx_lfdictionary_detail%5Bdictionaryentry%5D=79&cHash=3f0f836b99c6ca405a415087fcbc0a90,news,drogen
https://www.lebenshilfe.de/woerterbuch/woerterbuch-detail?tx_lfdictionary_detail%5Baction%5D=show&tx_lfdictionary_detail%5Bcontroller%5D=Dictionaryentry&tx_lfdictionary_detail%5Bdictionaryentry%5D=78&cHash=c7c62fe8cfe8bd5277fda7fef0d923d4,news,download
https://www.lebenshilfe.de/woerterbuch/woerterbuch-detail?tx_lfdictionary_detail%5Baction%5D=show&tx_lfdictionary_detail%5Bcontroller%5D=Dictionaryentry&tx_lfdictionary_detail%5Bdictionaryentry%5D=77&cHash=bcc70fb269f731f430f4820641b0b198,news,diskussion
https://www.lebenshilfe.de/woerterbuch/woerterbuch-detail?tx_lfdictionary_detail%5Baction%5D=show&tx_lfdictionary_detail%5Bcontroller%5D=Dictionaryentry&tx_lfdictionary_detail%5Bdictionaryentry%5D=75&cHash=7cf5da21986f8367ad79a8a0f2af5c2c,news,disco-diskothek
https://www.lebenshilfe.de/woerterbuch/woerterbuch-detail?tx_lfdictionary_detail%5Baction%5D=show&tx_lfdictionary_detail%5Bcontroller%5D=Dictionaryentry&tx_lfdictionary_detail%5Bdictionaryentry%5D=74&cHash=828ae361e299aeda56bc9fbb86f8a03a,news,digital
https://www.lebenshilfe.de/woerterbuch/woerterbuch-detail?tx_lfdictionary_detail%5Baction%5D=show&tx_lfdictionary_detail%5Bcontroller%5D=Dictionaryentry&tx_lfdictionary_detail%5Bdictionaryentry%5D=275&cHash=f3bf7b2185df846b147659c05490793f,news,visiten-karte
https://www.lebenshilfe.de/woerterbuch/woerterbuch-detail?tx_lfdictionary_detail%5Baction%5D=show&tx_lfdictionary_detail%5Bcontroller%5D=Dictionaryentry&tx_lfdictionary_detail%5Bdictionaryentry%5D=50&cHash=b90b255c0dc88f218a8f02aeba50b566,news,betreuung-in-allen-angelegenheiten
https://www.lebenshilfe.de/woerterbuch/woerterbuch-detail?tx_lfdictionary_detail%5Baction%5D=show&tx_lfdictionary_detail%5Bcontroller%5D=Dictionaryentry&tx_lfdictionary_detail%5Bdictionaryentry%5D=73&cHash=d6d12c43696fb3de97aea2e8dc9e2b6c,news,depression
https://www.lebenshilfe.de/woerterbuch/woerterbuch-detail?tx_lfdictionary_detail%5Baction%5D=show&tx_lfdictionary_detail%5Bcontroller%5D=Dictionaryentry&tx_lfdictionary_detail%5Bdictionaryentry%5D=72&cHash=f2cfe613aa2bc8830ab8d6314550f1f1,news,demonstration-demo
https://www.lebenshilfe.de/woerterbuch/woerterbuch-detail?tx_lfdictionary_detail%5Baction%5D=show&tx_lfdictionary_detail%5Bcontroller%5D=Dictionaryentry&tx_lfdictionary_detail%5Bdictionaryentry%5D=71&cHash=9aa746222f91cc8734a372c8edd9759a,news,demokratie-demokratisch
https://www.lebenshilfe.de/woerterbuch/woerterbuch-detail?tx_lfdictionary_detail%5Baction%5D=show&tx_lfdictionary_detail%5Bcontroller%5D=Dictionaryentry&tx_lfdictionary_detail%5Bdictionaryentry%5D=70&cHash=e9ed827c14951692115068bfe801b027,news,demenz
https://www.lebenshilfe.de/woerterbuch/woerterbuch-detail?tx_lfdictionary_detail%5Baction%5D=show&tx_lfdictionary_detail%5Bcontroller%5D=Dictionaryentry&tx_lfdictionary_detail%5Bdictionaryentry%5D=69&cHash=15d25303deb2c7f55a4f5a04c596be25,news,clown
https://www.lebenshilfe.de/woerterbuch/woerterbuch-detail?tx_lfdictionary_detail%5Baction%5D=show&tx_lfdictionary_detail%5Bcontroller%5D=Dictionaryentry&tx_lfdictionary_detail%5Bdictionaryentry%5D=67&cHash=5cef9b700b7377d63cfcbdd436b76c6b,news,chor
https://www.lebenshilfe.de/woerterbuch/woerterbuch-detail?tx_lfdictionary_detail%5Baction%5D=show&tx_lfdictionary_detail%5Bcontroller%5D=Dictionaryentry&tx_lfdictionary_detail%5Bdictionaryentry%5D=66&cHash=fe144a6aa01fdd4adb621704830fdd16,news,cholesterin
https://www.lebenshilfe.de/woerterbuch/woerterbuch-detail?tx_lfdictionary_detail%5Baction%5D=show&tx_lfdictionary_detail%5Bcontroller%5D=Dictionaryentry&tx_lfdictionary_detail%5Bdictionaryentry%5D=18&cHash=75b64fcd2122d09bf45568c841956a63,news,casting-show
https://www.lebenshilfe.de/woerterbuch/woerterbuch-detail?tx_lfdictionary_detail%5Baction%5D=show&tx_lfdictionary_detail%5Bcontroller%5D=Dictionaryentry&tx_lfdictionary_detail%5Bdictionaryentry%5D=63&cHash=c48c0f2bb1b365c40a2028eda45ec3c7,news,buro
https://www.lebenshilfe.de/woerterbuch/woerterbuch-detail?tx_lfdictionary_detail%5Baction%5D=show&tx_lfdictionary_detail%5Bcontroller%5D=Dictionaryentry&tx_lfdictionary_detail%5Bdictionaryentry%5D=62&cHash=93d7cf6af85b19e4292485a7f1d4f538,news,burgerschaftliches-engagement
https://www.lebenshilfe.de/woerterbuch/woerterbuch-detail?tx_lfdictionary_detail%5Baction%5D=show&tx_lfdictionary_detail%5Bcontroller%5D=Dictionaryentry&tx_lfdictionary_detail%5Bdictionaryentry%5D=61&cHash=fb32347fb60cc773a4ef691899d2175f,news,burger
https://www.lebenshilfe.de/woerterbuch/woerterbuch-detail?tx_lfdictionary_detail%5Baction%5D=show&tx_lfdictionary_detail%5Bcontroller%5D=Dictionaryentry&tx_lfdictionary_detail%5Bdictionaryentry%5D=60&cHash=abf710864d2921dc7b03e0d8a9807c47,news,bundesvorstand
https://www.lebenshilfe.de/woerterbuch/woerterbuch-detail?tx_lfdictionary_detail%5Baction%5D=show&tx_lfdictionary_detail%5Bcontroller%5D=Dictionaryentry&tx_lfdictionary_detail%5Bdictionaryentry%5D=59&cHash=bd7d39d7b7b19644ec96d7c9e24679f1,news,bundesvereinigung-lebenshilfe
https://www.lebenshilfe.de/woerterbuch/woerterbuch-detail?tx_lfdictionary_detail%5Baction%5D=show&tx_lfdictionary_detail%5Bcontroller%5D=Dictionaryentry&tx_lfdictionary_detail%5Bdictionaryentry%5D=58&cHash=a4760a517d93c120eecf97077c7c8043,news,bundestag
https://www.lebenshilfe.de/woerterbuch/woerterbuch-detail?tx_lfdictionary_detail%5Baction%5D=show&tx_lfdictionary_detail%5Bcontroller%5D=Dictionaryentry&tx_lfdictionary_detail%5Bdictionaryentry%5D=57&cHash=befdb50bdf814521cbb96e1fa4405fa7,news,bundes-republik-deutschland
https://www.lebenshilfe.de/woerterbuch/woerterbuch-detail?tx_lfdictionary_detail%5Baction%5D=show&tx_lfdictionary_detail%5Bcontroller%5D=Dictionaryentry&tx_lfdictionary_detail%5Bdictionaryentry%5D=56&cHash=994a5ea6366490145b3b1c34f91167cc,news,bundes-geschaftsfuhrer
https://www.lebenshilfe.de/woerterbuch/woerterbuch-detail?tx_lfdictionary_detail%5Baction%5D=show&tx_lfdictionary_detail%5Bcontroller%5D=Dictionaryentry&tx_lfdictionary_detail%5Bdictionaryentry%5D=55&cHash=00df0ed80c3e4f683ed81b45667c664e,news,budget-fur-arbeit
https://www.lebenshilfe.de/woerterbuch/woerterbuch-detail?tx_lfdictionary_detail%5Baction%5D=show&tx_lfdictionary_detail%5Bcontroller%5D=Dictionaryentry&tx_lfdictionary_detail%5Bdictionaryentry%5D=54&cHash=bbd2c68fc472b154c546973175ec1ee7,news,braille-schrift
https://www.lebenshilfe.de/woerterbuch/woerterbuch-detail?tx_lfdictionary_detail%5Baction%5D=show&tx_lfdictionary_detail%5Bcontroller%5D=Dictionaryentry&tx_lfdictionary_detail%5Bdictionaryentry%5D=53&cHash=bcec7e517f42fe5d3fa04041dc4da39c,news,botschaft
https://www.lebenshilfe.de/woerterbuch/woerterbuch-detail?tx_lfdictionary_detail%5Baction%5D=show&tx_lfdictionary_detail%5Bcontroller%5D=Dictionaryentry&tx_lfdictionary_detail%5Bdictionaryentry%5D=52&cHash=bd0e63945eda7225d884386f8114f7d8,news,bisexuell
https://www.lebenshilfe.de/woerterbuch/woerterbuch-detail?tx_lfdictionary_detail%5Baction%5D=show&tx_lfdictionary_detail%5Bcontroller%5D=Dictionaryentry&tx_lfdictionary_detail%5Bdictionaryentry%5D=51&cHash=2a22a759f9f3a46738ffba42b6204217,news,bildschirm
https://www.lebenshilfe.de/woerterbuch/woerterbuch-detail?tx_lfdictionary_detail%5Baction%5D=show&tx_lfdictionary_detail%5Bcontroller%5D=Dictionaryentry&tx_lfdictionary_detail%5Bdictionaryentry%5D=49&cHash=70dd0e451508757db4e2372a4cf118ac,news,betreutes-einzel-wohnen
https://www.lebenshilfe.de/woerterbuch/woerterbuch-detail?tx_lfdictionary_detail%5Baction%5D=show&tx_lfdictionary_detail%5Bcontroller%5D=Dictionaryentry&tx_lfdictionary_detail%5Bdictionaryentry%5D=48&cHash=ac46c1b78895008de3c07e954db511fb,news,berufs-bildungs-bereich
https://www.lebenshilfe.de/woerterbuch/woerterbuch-detail?tx_lfdictionary_detail%5Baction%5D=show&tx_lfdictionary_detail%5Bcontroller%5D=Dictionaryentry&tx_lfdictionary_detail%5Bdictionaryentry%5D=46&cHash=a74f2000679efd3ef423de8cbc961075,news,begleitete-elternschaft
https://www.lebenshilfe.de/woerterbuch/woerterbuch-detail?tx_lfdictionary_detail%5Baction%5D=show&tx_lfdictionary_detail%5Bcontroller%5D=Dictionaryentry&tx_lfdictionary_detail%5Bdictionaryentry%5D=45&cHash=ae2bd7b11b9cb961ba70da545c5e702c,news,barriere-freiheit
https://www.lebenshilfe.de/woerterbuch/woerterbuch-detail?tx_lfdictionary_detail%5Baction%5D=show&tx_lfdictionary_detail%5Bcontroller%5D=Dictionaryentry&tx_lfdictionary_detail%5Bdictionaryentry%5D=44&cHash=4b16abb2f502927e35836b2bca4566cb,news,bank-automat
https://www.lebenshilfe.de/woerterbuch/woerterbuch-detail?tx_lfdictionary_detail%5Baction%5D=show&tx_lfdictionary_detail%5Bcontroller%5D=Dictionaryentry&tx_lfdictionary_detail%5Bdictionaryentry%5D=43&cHash=ec788883e3c5b9e1e31a531bcc2b95e7,news,baby-milch
https://www.lebenshilfe.de/woerterbuch/woerterbuch-detail?tx_lfdictionary_detail%5Baction%5D=show&tx_lfdictionary_detail%5Bcontroller%5D=Dictionaryentry&tx_lfdictionary_detail%5Bdictionaryentry%5D=2&cHash=e05e56bb0bd6156fbe9650ba9cfc87b7,news,behinderung
https://www.lebenshilfe.de/woerterbuch/woerterbuch-detail?tx_lfdictionary_detail%5Baction%5D=show&tx_lfdictionary_detail%5Bcontroller%5D=Dictionaryentry&tx_lfdictionary_detail%5Bdictionaryentry%5D=42&cHash=4fa1bb567c09b647f3fa5741d898d266,news,autor
https://www.lebenshilfe.de/woerterbuch/woerterbuch-detail?tx_lfdictionary_detail%5Baction%5D=show&tx_lfdictionary_detail%5Bcontroller%5D=Dictionaryentry&tx_lfdictionary_detail%5Bdictionaryentry%5D=41&cHash=8c7e86e5e5c08e738efdbce26ab412e0,news,autogramm
https://www.lebenshilfe.de/woerterbuch/woerterbuch-detail?tx_lfdictionary_detail%5Baction%5D=show&tx_lfdictionary_detail%5Bcontroller%5D=Dictionaryentry&tx_lfdictionary_detail%5Bdictionaryentry%5D=40&cHash=69ef132e805ffbcbb6adbb822d734790,news,autismus
https://www.lebenshilfe.de/woerterbuch/woerterbuch-detail?tx_lfdictionary_detail%5Baction%5D=show&tx_lfdictionary_detail%5Bcontroller%5D=Dictionaryentry&tx_lfdictionary_detail%5Bdictionaryentry%5D=39&cHash=c01ed376734fa3bc79da70111434efd3,news,ausweis-personal-ausweis
https://www.lebenshilfe.de/woerterbuch/woerterbuch-detail?tx_lfdictionary_detail%5Baction%5D=show&tx_lfdictionary_detail%5Bcontroller%5D=Dictionaryentry&tx_lfdictionary_detail%5Bdictionaryentry%5D=37&cHash=5a9e4b6d617158cc87c3e95d088669cd,news,attest
https://www.lebenshilfe.de/woerterbuch/woerterbuch-detail?tx_lfdictionary_detail%5Baction%5D=show&tx_lfdictionary_detail%5Bcontroller%5D=Dictionaryentry&tx_lfdictionary_detail%5Bdictionaryentry%5D=36&cHash=64b0def860ba9324bbfdc74286042ca8,news,atlas
https://www.lebenshilfe.de/woerterbuch/woerterbuch-detail?tx_lfdictionary_detail%5Baction%5D=show&tx_lfdictionary_detail%5Bcontroller%5D=Dictionaryentry&tx_lfdictionary_detail%5Bdictionaryentry%5D=32&cHash=259640515d396a1cfb9e8b2de846ce0b,news,argument
https://www.lebenshilfe.de/woerterbuch/woerterbuch-detail?tx_lfdictionary_detail%5Baction%5D=show&tx_lfdictionary_detail%5Bcontroller%5D=Dictionaryentry&tx_lfdictionary_detail%5Bdictionaryentry%5D=29&cHash=7b8f540fe22cdaeeccd74db9278e1b46,news,apotheke
https://www.lebenshilfe.de/woerterbuch/woerterbuch-detail?tx_lfdictionary_detail%5Baction%5D=show&tx_lfdictionary_detail%5Bcontroller%5D=Dictionaryentry&tx_lfdictionary_detail%5Bdictionaryentry%5D=347&cHash=6bc030a4c2e0e61a5f5b954847284ed6,news,selbsthilfe-gruppen
https://www.lebenshilfe.de/woerterbuch/woerterbuch-detail?tx_lfdictionary_detail%5Baction%5D=show&tx_lfdictionary_detail%5Bcontroller%5D=Dictionaryentry&tx_lfdictionary_detail%5Bdictionaryentry%5D=346&cHash=805f5dfd1b6ee02650ab5c0d03d93131,news,pflege-unterstutzungs-geld
https://www.lebenshilfe.de/woerterbuch/woerterbuch-detail?tx_lfdictionary_detail%5Baction%5D=show&tx_lfdictionary_detail%5Bcontroller%5D=Dictionaryentry&tx_lfdictionary_detail%5Bdictionaryentry%5D=345&cHash=4e7421a5a3f3d8574df885ab75ed8136,,
https://www.lebenshilfe.de/woerterbuch/woerterbuch-detail?tx_lfdictionary_detail%5Baction%5D=show&tx_lfdictionary_detail%5Bcontroller%5D=Dictionaryentry&tx_lfdictionary_detail%5Bdictionaryentry%5D=344&cHash=464831f10cb7f68ce6ac39a1ca69238f,news,kurzzeit-pflege
https://www.lebenshilfe.de/woerterbuch/woerterbuch-detail?tx_lfdictionary_detail%5Baction%5D=show&tx_lfdictionary_detail%5Bcontroller%5D=Dictionaryentry&tx_lfdictionary_detail%5Bdictionaryentry%5D=341&cHash=d9af95b4ac8c390de5e9e826e73ea510,news,kinder-kranken-tage-kinder-krankengeld-tage
https://www.lebenshilfe.de/woerterbuch/woerterbuch-detail?tx_lfdictionary_detail%5Baction%5D=show&tx_lfdictionary_detail%5Bcontroller%5D=Dictionaryentry&tx_lfdictionary_detail%5Bdictionaryentry%5D=342&cHash=4d339cd567142d3a0ceb3ce839c01a87,news,kinder-kranken-geld
https://www.lebenshilfe.de/woerterbuch/woerterbuch-detail?tx_lfdictionary_detail%5Baction%5D=show&tx_lfdictionary_detail%5Bcontroller%5D=Dictionaryentry&tx_lfdictionary_detail%5Bdictionaryentry%5D=338&cHash=9615ac8a6d301f5cef3eccdeea245183,news,angemessene-vorkehrungen
https://www.lebenshilfe.de/woerterbuch/woerterbuch-detail?tx_lfdictionary_detail%5Baction%5D=show&tx_lfdictionary_detail%5Bcontroller%5D=Dictionaryentry&tx_lfdictionary_detail%5Bdictionaryentry%5D=340&cHash=e37073c066d503064b40f8e6d2dd3e23,news,behinderten-gleichstellungs-gesetz
https://www.lebenshilfe.de/woerterbuch/woerterbuch-detail?tx_lfdictionary_detail%5Baction%5D=show&tx_lfdictionary_detail%5Bcontroller%5D=Dictionaryentry&tx_lfdictionary_detail%5Bdictionaryentry%5D=336&cHash=c14c2780b07a59642734558513b7e921,news,allgemeines-gleichbehandlungs-gesetz
https://www.lebenshilfe.de/woerterbuch/woerterbuch-detail?tx_lfdictionary_detail%5Baction%5D=show&tx_lfdictionary_detail%5Bcontroller%5D=Dictionaryentry&tx_lfdictionary_detail%5Bdictionaryentry%5D=337&cHash=c35079456db05ac7eb451f7d33d95501,news,angehorigen-entlastungs-gesetz
https://www.lebenshilfe.de/woerterbuch/woerterbuch-detail?tx_lfdictionary_detail%5Baction%5D=show&tx_lfdictionary_detail%5Bcontroller%5D=Dictionaryentry&tx_lfdictionary_detail%5Bdictionaryentry%5D=335&cHash=738b67015c8927cbd2c9d34584ef7582,news,verhinderungs-pflege
https://www.lebenshilfe.de/woerterbuch/woerterbuch-detail?tx_lfdictionary_detail%5Baction%5D=show&tx_lfdictionary_detail%5Bcontroller%5D=Dictionaryentry&tx_lfdictionary_detail%5Bdictionaryentry%5D=334&cHash=1eae33f86aac4e2dc693a2a96e1aac59,news,sonder-und-mehr-bedarfe
https://www.lebenshilfe.de/woerterbuch/woerterbuch-detail?tx_lfdictionary_detail%5Baction%5D=show&tx_lfdictionary_detail%5Bcontroller%5D=Dictionaryentry&tx_lfdictionary_detail%5Bdictionaryentry%5D=333&cHash=72826dbc5979a36c8b5a3436df83064f,news,schwerbehinderten-vertretung
https://www.lebenshilfe.de/woerterbuch/woerterbuch-detail?tx_lfdictionary_detail%5Baction%5D=show&tx_lfdictionary_detail%5Bcontroller%5D=Dictionaryentry&tx_lfdictionary_detail%5Bdictionaryentry%5D=332&cHash=b92b023b2a1a0eaf05b1ce041bcc0c1b,news,regel-bedarfs-ermittlungs-gesetz
https://www.lebenshilfe.de/woerterbuch/woerterbuch-detail?tx_lfdictionary_detail%5Baction%5D=show&tx_lfdictionary_detail%5Bcontroller%5D=Dictionaryentry&tx_lfdictionary_detail%5Bdictionaryentry%5D=331&cHash=b9a85a4ad078195b2a4d95292524b167,news,mindest-sicherung
https://www.lebenshilfe.de/woerterbuch/woerterbuch-detail?tx_lfdictionary_detail%5Baction%5D=show&tx_lfdictionary_detail%5Bcontroller%5D=Dictionaryentry&tx_lfdictionary_detail%5Bdictionaryentry%5D=329&cHash=e46628aec0737958046d3b868e2c5f03,news,leistungen-zur-teilhabe
https://www.lebenshilfe.de/woerterbuch/woerterbuch-detail?tx_lfdictionary_detail%5Baction%5D=show&tx_lfdictionary_detail%5Bcontroller%5D=Dictionaryentry&tx_lfdictionary_detail%5Bdictionaryentry%5D=328&cHash=dd39f93f65e1a6eb0a2359cf115e3c35,news,kurz-zeit-pflege
https://www.lebenshilfe.de/woerterbuch/woerterbuch-detail?tx_lfdictionary_detail%5Baction%5D=show&tx_lfdictionary_detail%5Bcontroller%5D=Dictionaryentry&tx_lfdictionary_detail%5Bdictionaryentry%5D=327&cHash=50dba5d1d8daf7fdb17034f7e80f71b9,news,integrations-amt
https://www.lebenshilfe.de/woerterbuch/woerterbuch-detail?tx_lfdictionary_detail%5Baction%5D=show&tx_lfdictionary_detail%5Bcontroller%5D=Dictionaryentry&tx_lfdictionary_detail%5Bdictionaryentry%5D=326&cHash=88a1bb1b15dd30e90bb610f69d47bc79,news,inklusive-gesellschaft
https://www.lebenshilfe.de/woerterbuch/woerterbuch-detail?tx_lfdictionary_detail%5Baction%5D=show&tx_lfdictionary_detail%5Bcontroller%5D=Dictionaryentry&tx_lfdictionary_detail%5Bdictionaryentry%5D=325&cHash=7954d499ea7d2572e63944408572e186,news,inklusions-unternehmen
https://www.lebenshilfe.de/woerterbuch/woerterbuch-detail?tx_lfdictionary_detail%5Baction%5D=show&tx_lfdictionary_detail%5Bcontroller%5D=Dictionaryentry&tx_lfdictionary_detail%5Bdictionaryentry%5D=324&cHash=7a24ac8e23d8c851bfd305b0b70412c8,news,gesetz-entwurf
https://www.lebenshilfe.de/woerterbuch/woerterbuch-detail?tx_lfdictionary_detail%5Baction%5D=show&tx_lfdictionary_detail%5Bcontroller%5D=Dictionaryentry&tx_lfdictionary_detail%5Bdictionaryentry%5D=323&cHash=2e4ffa4b426cc4527fd1afb4a27148d8,news,bundes-teilhabe-gesetz
https://www.lebenshilfe.de/woerterbuch/woerterbuch-detail?tx_lfdictionary_detail%5Baction%5D=show&tx_lfdictionary_detail%5Bcontroller%5D=Dictionaryentry&tx_lfdictionary_detail%5Bdictionaryentry%5D=322&cHash=54d32d4825532b9813f5859968a548b8,news,behinderten-verbandsozial-verband
https://www.lebenshilfe.de/woerterbuch/woerterbuch-detail?tx_lfdictionary_detail%5Baction%5D=show&tx_lfdictionary_detail%5Bcontroller%5D=Dictionaryentry&tx_lfdictionary_detail%5Bdictionaryentry%5D=321&cHash=5f46634b66f6084c396b3cfd8678b247,news,asyl-bewerber
https://www.lebenshilfe.de/woerterbuch/woerterbuch-detail?tx_lfdictionary_detail%5Baction%5D=show&tx_lfdictionary_detail%5Bcontroller%5D=Dictionaryentry&tx_lfdictionary_detail%5Bdictionaryentry%5D=320&cHash=d4de46274fb9936081f3b478cc8de780,news,arbeits-vertrag
https://www.lebenshilfe.de/woerterbuch/woerterbuch-detail?tx_lfdictionary_detail%5Baction%5D=show&tx_lfdictionary_detail%5Bcontroller%5D=Dictionaryentry&tx_lfdictionary_detail%5Bdictionaryentry%5D=319&cHash=e5f4bbba2cefa28d5a6eb4348286ea7c,news,arbeitslosen-versicherung
https://www.lebenshilfe.de/woerterbuch/woerterbuch-detail?tx_lfdictionary_detail%5Baction%5D=show&tx_lfdictionary_detail%5Bcontroller%5D=Dictionaryentry&tx_lfdictionary_detail%5Bdictionaryentry%5D=318&cHash=0c6b8eb64426f367aa9c5069a4c85c64,news,arbeits-forderungs-geld
https://www.lebenshilfe.de/woerterbuch/woerterbuch-detail?tx_lfdictionary_detail%5Baction%5D=show&tx_lfdictionary_detail%5Bcontroller%5D=Dictionaryentry&tx_lfdictionary_detail%5Bdictionaryentry%5D=316&cHash=2d7a9bf6edaefde50afeed02bfe80771,news,arbeit-nehmer
https://www.lebenshilfe.de/woerterbuch/woerterbuch-detail?tx_lfdictionary_detail%5Baction%5D=show&tx_lfdictionary_detail%5Bcontroller%5D=Dictionaryentry&tx_lfdictionary_detail%5Bdictionaryentry%5D=315&cHash=fc5f67bfe4e2f02c2d23adf093044802,news,allgemeiner-arbeits-markt
https://www.lebenshilfe.de/woerterbuch/woerterbuch-detail?tx_lfdictionary_detail%5Baction%5D=show&tx_lfdictionary_detail%5Bcontroller%5D=Dictionaryentry&tx_lfdictionary_detail%5Bdictionaryentry%5D=317&cHash=0ee14d85b106f40f556c002be8aea997,news,arbeits-assistenz
https://www.lebenshilfe.de/woerterbuch/woerterbuch-detail?tx_lfdictionary_detail%5Baction%5D=show&tx_lfdictionary_detail%5Bcontroller%5D=Dictionaryentry&tx_lfdictionary_detail%5Bdictionaryentry%5D=30&cHash=93bca061c41d9b6ed9f49881356bcd31,news,arbeit-geberarbeit-geberin
https://www.lebenshilfe.de/woerterbuch/woerterbuch-detail?tx_lfdictionary_detail%5Baction%5D=show&tx_lfdictionary_detail%5Bcontroller%5D=Dictionaryentry&tx_lfdictionary_detail%5Bdictionaryentry%5D=299&cHash=ab6372001200399c2439b25d328d712d,news,zukunft
https://www.lebenshilfe.de/woerterbuch/woerterbuch-detail?tx_lfdictionary_detail%5Baction%5D=show&tx_lfdictionary_detail%5Bcontroller%5D=Dictionaryentry&tx_lfdictionary_detail%5Bdictionaryentry%5D=277&cHash=acae603f469b7029a3fc4895aec54426,news,vorbilder
https://www.lebenshilfe.de/woerterbuch/woerterbuch-detail?tx_lfdictionary_detail%5Baction%5D=show&tx_lfdictionary_detail%5Bcontroller%5D=Dictionaryentry&tx_lfdictionary_detail%5Bdictionaryentry%5D=298&cHash=97237cb8b5377eceff6d3e68de03d85c,news,zirkus
https://www.lebenshilfe.de/woerterbuch/woerterbuch-detail?tx_lfdictionary_detail%5Baction%5D=show&tx_lfdictionary_detail%5Bcontroller%5D=Dictionaryentry&tx_lfdictionary_detail%5Bdictionaryentry%5D=261&cHash=022c52eee0b32df70bf81d5c4941dad5,news,touchscreen
https://www.lebenshilfe.de/woerterbuch/woerterbuch-detail?tx_lfdictionary_detail%5Baction%5D=show&tx_lfdictionary_detail%5Bcontroller%5D=Dictionaryentry&tx_lfdictionary_detail%5Bdictionaryentry%5D=191&cHash=00f675aa5b0fd7a923594f04ec7a82a8,news,online-offline
https://www.lebenshilfe.de/woerterbuch/woerterbuch-detail?tx_lfdictionary_detail%5Baction%5D=show&tx_lfdictionary_detail%5Bcontroller%5D=Dictionaryentry&tx_lfdictionary_detail%5Bdictionaryentry%5D=283&cHash=f2fc27be3afe3712461a698fd67dabb1,news,whatsapp
https://www.lebenshilfe.de/woerterbuch/woerterbuch-detail?tx_lfdictionary_detail%5Baction%5D=show&tx_lfdictionary_detail%5Bcontroller%5D=Dictionaryentry&tx_lfdictionary_detail%5Bdictionaryentry%5D=313&cHash=001123ee5c6186e3aa9a7557cf3d2bba,news,selfie
https://www.lebenshilfe.de/woerterbuch/woerterbuch-detail?tx_lfdictionary_detail%5Baction%5D=show&tx_lfdictionary_detail%5Bcontroller%5D=Dictionaryentry&tx_lfdictionary_detail%5Bdictionaryentry%5D=312&cHash=fa645a53a59e015bcdba688d25f27335,news,tiktok
https://www.lebenshilfe.de/woerterbuch/woerterbuch-detail?tx_lfdictionary_detail%5Baction%5D=show&tx_lfdictionary_detail%5Bcontroller%5D=Dictionaryentry&tx_lfdictionary_detail%5Bdictionaryentry%5D=258&cHash=0a6d7becf143e5fc8a076b938007c958,news,teilhabe
https://www.lebenshilfe.de/woerterbuch/woerterbuch-detail?tx_lfdictionary_detail%5Baction%5D=show&tx_lfdictionary_detail%5Bcontroller%5D=Dictionaryentry&tx_lfdictionary_detail%5Bdictionaryentry%5D=21&cHash=d80374d3e024079195f56e571a1b059f,news,alltagshelfer
https://www.lebenshilfe.de/woerterbuch/woerterbuch-detail?tx_lfdictionary_detail%5Baction%5D=show&tx_lfdictionary_detail%5Bcontroller%5D=Dictionaryentry&tx_lfdictionary_detail%5Bdictionaryentry%5D=304&cHash=c68be71fb629ad9e3e636d045ed21cd4,news,politik
https://www.lebenshilfe.de/woerterbuch/woerterbuch-detail?tx_lfdictionary_detail%5Baction%5D=show&tx_lfdictionary_detail%5Bcontroller%5D=Dictionaryentry&tx_lfdictionary_detail%5Bdictionaryentry%5D=31&cHash=97286bbb13ccb09fc4ee3c7e48402e6a,news,architekt
https://www.lebenshilfe.de/woerterbuch/woerterbuch-detail?tx_lfdictionary_detail%5Baction%5D=show&tx_lfdictionary_detail%5Bcontroller%5D=Dictionaryentry&tx_lfdictionary_detail%5Bdictionaryentry%5D=28&cHash=4ac4ec21074332f5a713ec16ec5e1f70,news,antrag
https://www.lebenshilfe.de/woerterbuch/woerterbuch-detail?tx_lfdictionary_detail%5Baction%5D=show&tx_lfdictionary_detail%5Bcontroller%5D=Dictionaryentry&tx_lfdictionary_detail%5Bdictionaryentry%5D=22&cHash=523d9e76a3cf134f942323aaf5a75406,news,alternative
https://www.lebenshilfe.de/woerterbuch/woerterbuch-detail?tx_lfdictionary_detail%5Baction%5D=show&tx_lfdictionary_detail%5Bcontroller%5D=Dictionaryentry&tx_lfdictionary_detail%5Bdictionaryentry%5D=17&cHash=8c785ef12121281503d7636a24b739a5,news,tagesschau
https://www.lebenshilfe.de/woerterbuch/woerterbuch-detail?tx_lfdictionary_detail%5Baction%5D=show&tx_lfdictionary_detail%5Bcontroller%5D=Dictionaryentry&tx_lfdictionary_detail%5Bdictionaryentry%5D=15&cHash=998a38102b1ffaf4ff3614c14b21f8e6,news,ambulante-pflege
https://www.lebenshilfe.de/woerterbuch/woerterbuch-detail?tx_lfdictionary_detail%5Baction%5D=show&tx_lfdictionary_detail%5Bcontroller%5D=Dictionaryentry&tx_lfdictionary_detail%5Bdictionaryentry%5D=12&cHash=ce445c6d3e5a3769b84b0cca6045827b,news,alkohol
https://www.lebenshilfe.de/woerterbuch/woerterbuch-detail?tx_lfdictionary_detail%5Baction%5D=show&tx_lfdictionary_detail%5Bcontroller%5D=Dictionaryentry&tx_lfdictionary_detail%5Bdictionaryentry%5D=9&cHash=96fb23e724e85cdaf2d86bde6886400d,news,adoption
https://www.lebenshilfe.de/woerterbuch/woerterbuch-detail?tx_lfdictionary_detail%5Baction%5D=show&tx_lfdictionary_detail%5Bcontroller%5D=Dictionaryentry&tx_lfdictionary_detail%5Bdictionaryentry%5D=8&cHash=9b560d68c1316332be339ec3f108bb0c,news,abo-abonnement
https://www.lebenshilfe.de/woerterbuch/woerterbuch-detail?tx_lfdictionary_detail%5Baction%5D=show&tx_lfdictionary_detail%5Bcontroller%5D=Dictionaryentry&tx_lfdictionary_detail%5Bdictionaryentry%5D=7&cHash=a0cf7d5f8cc7345cab19d8ac70fb3b63,news,allergien
https://www.lebenshilfe.de/woerterbuch/woerterbuch-detail?tx_lfdictionary_detail%5Baction%5D=show&tx_lfdictionary_detail%5Bcontroller%5D=Dictionaryentry&tx_lfdictionary_detail%5Bdictionaryentry%5D=124&cHash=6cee86ca547be0c5fed9cd1a26d965c7,news,herunterladen
https://www.lebenshilfe.de/woerterbuch/woerterbuch-detail?tx_lfdictionary_detail%5Baction%5D=show&tx_lfdictionary_detail%5Bcontroller%5D=Dictionaryentry&tx_lfdictionary_detail%5Bdictionaryentry%5D=211&cHash=3393fcc559f76cbba3b87b7cca41645e,news,programm
https://www.lebenshilfe.de/woerterbuch/woerterbuch-detail?tx_lfdictionary_detail%5Baction%5D=show&tx_lfdictionary_detail%5Bcontroller%5D=Dictionaryentry&tx_lfdictionary_detail%5Bdictionaryentry%5D=204&cHash=fc206ed90fffec32f0c6886ffb3ca514,news,piktogramm
https://www.lebenshilfe.de/woerterbuch/woerterbuch-detail?tx_lfdictionary_detail%5Baction%5D=show&tx_lfdictionary_detail%5Bcontroller%5D=Dictionaryentry&tx_lfdictionary_detail%5Bdictionaryentry%5D=276&cHash=ba619956ae9eba8333e443f93458f356,news,volljahrig
https://www.lebenshilfe.de/woerterbuch/woerterbuch-detail?tx_lfdictionary_detail%5Baction%5D=show&tx_lfdictionary_detail%5Bcontroller%5D=Dictionaryentry&tx_lfdictionary_detail%5Bdictionaryentry%5D=273&cHash=c431fa52b8f50b7a2be4f97b54dab19e,news,vertrag
https://www.lebenshilfe.de/woerterbuch/woerterbuch-detail?tx_lfdictionary_detail%5Baction%5D=show&tx_lfdictionary_detail%5Bcontroller%5D=Dictionaryentry&tx_lfdictionary_detail%5Bdictionaryentry%5D=271&cHash=31b25264ea6f81b175192b424f397220,news,verfassung-grund-gesetz
https://www.lebenshilfe.de/woerterbuch/woerterbuch-detail?tx_lfdictionary_detail%5Baction%5D=show&tx_lfdictionary_detail%5Bcontroller%5D=Dictionaryentry&tx_lfdictionary_detail%5Bdictionaryentry%5D=194&cHash=070a86aef334ce65f46790c60d4a522d,news,paragraph
https://www.lebenshilfe.de/woerterbuch/woerterbuch-detail?tx_lfdictionary_detail%5Baction%5D=show&tx_lfdictionary_detail%5Bcontroller%5D=Dictionaryentry&tx_lfdictionary_detail%5Bdictionaryentry%5D=272&cHash=e7525b9c336f498cdc36b4ab7a65cf80,news,verhutung-verhutungs-mittel
https://www.lebenshilfe.de/woerterbuch/woerterbuch-detail?tx_lfdictionary_detail%5Baction%5D=show&tx_lfdictionary_detail%5Bcontroller%5D=Dictionaryentry&tx_lfdictionary_detail%5Bdictionaryentry%5D=238&cHash=65e81635e04b531db6a5e4c175c3fdd7,news,sex
https://www.lebenshilfe.de/woerterbuch/woerterbuch-detail?tx_lfdictionary_detail%5Baction%5D=show&tx_lfdictionary_detail%5Bcontroller%5D=Dictionaryentry&tx_lfdictionary_detail%5Bdictionaryentry%5D=294&cHash=39b0f92ef0c50f84b32bc9d245f2a384,news,zeitung
https://www.lebenshilfe.de/woerterbuch/woerterbuch-detail?tx_lfdictionary_detail%5Baction%5D=show&tx_lfdictionary_detail%5Bcontroller%5D=Dictionaryentry&tx_lfdictionary_detail%5Bdictionaryentry%5D=144&cHash=e087674e2010801a2990da998b30511a,news,islam
https://www.lebenshilfe.de/woerterbuch/woerterbuch-detail?tx_lfdictionary_detail%5Baction%5D=show&tx_lfdictionary_detail%5Bcontroller%5D=Dictionaryentry&tx_lfdictionary_detail%5Bdictionaryentry%5D=143&cHash=f70883f776d1dc3f766c86d2368d265b,news,iphone
https://www.lebenshilfe.de/woerterbuch/woerterbuch-detail?tx_lfdictionary_detail%5Baction%5D=show&tx_lfdictionary_detail%5Bcontroller%5D=Dictionaryentry&tx_lfdictionary_detail%5Bdictionaryentry%5D=133&cHash=d39f719a37aaf939fb7289bf69f3b996,news,hor-film
https://www.lebenshilfe.de/woerterbuch/woerterbuch-detail?tx_lfdictionary_detail%5Baction%5D=show&tx_lfdictionary_detail%5Bcontroller%5D=Dictionaryentry&tx_lfdictionary_detail%5Bdictionaryentry%5D=279&cHash=9e55bf9415253014b9ca0edb59005bb2,news,werkstatt-fur-behinderte-menschen-wfbm
https://www.lebenshilfe.de/woerterbuch/woerterbuch-detail?tx_lfdictionary_detail%5Baction%5D=show&tx_lfdictionary_detail%5Bcontroller%5D=Dictionaryentry&tx_lfdictionary_detail%5Bdictionaryentry%5D=246&cHash=aeabe40e858a181718a335538957f715,news,sozial-wirtschaft
https://www.lebenshilfe.de/woerterbuch/woerterbuch-detail?tx_lfdictionary_detail%5Baction%5D=show&tx_lfdictionary_detail%5Bcontroller%5D=Dictionaryentry&tx_lfdictionary_detail%5Bdictionaryentry%5D=245&cHash=003d3fc48417bbb5b9d5d62361764144,news,sozial-versicherung
https://www.lebenshilfe.de/woerterbuch/woerterbuch-detail?tx_lfdictionary_detail%5Baction%5D=show&tx_lfdictionary_detail%5Bcontroller%5D=Dictionaryentry&tx_lfdictionary_detail%5Bdictionaryentry%5D=244&cHash=85a238d4600a2b663d561086a8455f79,news,sozial-staat
https://www.lebenshilfe.de/woerterbuch/woerterbuch-detail?tx_lfdictionary_detail%5Baction%5D=show&tx_lfdictionary_detail%5Bcontroller%5D=Dictionaryentry&tx_lfdictionary_detail%5Bdictionaryentry%5D=241&cHash=e37591c351c87b93cc3bdd68a3b3ad0c,news,solidaritat
https://www.lebenshilfe.de/woerterbuch/woerterbuch-detail?tx_lfdictionary_detail%5Baction%5D=show&tx_lfdictionary_detail%5Bcontroller%5D=Dictionaryentry&tx_lfdictionary_detail%5Bdictionaryentry%5D=230&cHash=0d4886793b1e57b42746f1f5e2e51387,news,schwul
https://www.lebenshilfe.de/woerterbuch/woerterbuch-detail?tx_lfdictionary_detail%5Baction%5D=show&tx_lfdictionary_detail%5Bcontroller%5D=Dictionaryentry&tx_lfdictionary_detail%5Bdictionaryentry%5D=257&cHash=eb06981f9293b8e40c2df8d141957cf2,news,taxi
https://www.lebenshilfe.de/woerterbuch/woerterbuch-detail?tx_lfdictionary_detail%5Baction%5D=show&tx_lfdictionary_detail%5Bcontroller%5D=Dictionaryentry&tx_lfdictionary_detail%5Bdictionaryentry%5D=240&cHash=a2cdc5a880fc46ea75a1a3edb55634f8,news,sms
https://www.lebenshilfe.de/woerterbuch/woerterbuch-detail?tx_lfdictionary_detail%5Baction%5D=show&tx_lfdictionary_detail%5Bcontroller%5D=Dictionaryentry&tx_lfdictionary_detail%5Bdictionaryentry%5D=5&cHash=eb64f7799694ab6f8d024f8bb6774893,news,akku
https://www.lebenshilfe.de/woerterbuch/woerterbuch-detail?tx_lfdictionary_detail%5Baction%5D=show&tx_lfdictionary_detail%5Bcontroller%5D=Dictionaryentry&tx_lfdictionary_detail%5Bdictionaryentry%5D=212&cHash=ac44284ee18bb2b285b5679763753f70,news,protokoll
https://www.lebenshilfe.de/woerterbuch/woerterbuch-detail?tx_lfdictionary_detail%5Baction%5D=show&tx_lfdictionary_detail%5Bcontroller%5D=Dictionaryentry&tx_lfdictionary_detail%5Bdictionaryentry%5D=262&cHash=5ee201c93275780a71f54329d539cebe,news,trauer
https://www.lebenshilfe.de/woerterbuch/woerterbuch-detail?tx_lfdictionary_detail%5Baction%5D=show&tx_lfdictionary_detail%5Bcontroller%5D=Dictionaryentry&tx_lfdictionary_detail%5Bdictionaryentry%5D=228&cHash=7ed5f3c04798a977077dcfc8c5654e62,news,schauspieler
https://www.lebenshilfe.de/woerterbuch/woerterbuch-detail?tx_lfdictionary_detail%5Baction%5D=show&tx_lfdictionary_detail%5Bcontroller%5D=Dictionaryentry&tx_lfdictionary_detail%5Bdictionaryentry%5D=121&cHash=4897eabd2acd9b34a2d2f42a864cf863,news,groove
https://www.lebenshilfe.de/woerterbuch/woerterbuch-detail?tx_lfdictionary_detail%5Baction%5D=show&tx_lfdictionary_detail%5Bcontroller%5D=Dictionaryentry&tx_lfdictionary_detail%5Bdictionaryentry%5D=104&cHash=e303a7c169c401ebebf79109d782af91,news,flirt
https://www.lebenshilfe.de/woerterbuch/woerterbuch-detail?tx_lfdictionary_detail%5Baction%5D=show&tx_lfdictionary_detail%5Bcontroller%5D=Dictionaryentry&tx_lfdictionary_detail%5Bdictionaryentry%5D=206&cHash=91a73121e2e0aadfe4290d7ec8519012,news,post
https://www.lebenshilfe.de/woerterbuch/woerterbuch-detail?tx_lfdictionary_detail%5Baction%5D=show&tx_lfdictionary_detail%5Bcontroller%5D=Dictionaryentry&tx_lfdictionary_detail%5Bdictionaryentry%5D=301&cHash=7aeb33d70a6a6d5d25af2c2405debf8b,news,zweiter-welt-krieg
https://www.lebenshilfe.de/woerterbuch/woerterbuch-detail?tx_lfdictionary_detail%5Baction%5D=show&tx_lfdictionary_detail%5Bcontroller%5D=Dictionaryentry&tx_lfdictionary_detail%5Bdictionaryentry%5D=136&cHash=5fcf26740d927aa2a158a293c94cc60b,news,inclusion-europe
https://www.lebenshilfe.de/woerterbuch/woerterbuch-detail?tx_lfdictionary_detail%5Baction%5D=show&tx_lfdictionary_detail%5Bcontroller%5D=Dictionaryentry&tx_lfdictionary_detail%5Bdictionaryentry%5D=227&cHash=5dbd9ac6c4dac2aa2f82d5b88e053b2f,news,sanitater
https://www.lebenshilfe.de/woerterbuch/woerterbuch-detail?tx_lfdictionary_detail%5Baction%5D=show&tx_lfdictionary_detail%5Bcontroller%5D=Dictionaryentry&tx_lfdictionary_detail%5Bdictionaryentry%5D=285&cHash=a58336483ffb51af32241bdb6ec5a510,news,wind-energie
https://www.lebenshilfe.de/woerterbuch/woerterbuch-detail?tx_lfdictionary_detail%5Baction%5D=show&tx_lfdictionary_detail%5Bcontroller%5D=Dictionaryentry&tx_lfdictionary_detail%5Bdictionaryentry%5D=87&cHash=f34c9866ed118fc2e7f2286d126b1afa,news,engagieren
https://www.lebenshilfe.de/woerterbuch/woerterbuch-detail?tx_lfdictionary_detail%5Baction%5D=show&tx_lfdictionary_detail%5Bcontroller%5D=Dictionaryentry&tx_lfdictionary_detail%5Bdictionaryentry%5D=86&cHash=7199d627d1acde9e6b86c06b1eccf38a,news,empowerment
https://www.lebenshilfe.de/woerterbuch/woerterbuch-detail?tx_lfdictionary_detail%5Baction%5D=show&tx_lfdictionary_detail%5Bcontroller%5D=Dictionaryentry&tx_lfdictionary_detail%5Bdictionaryentry%5D=232&cHash=b50498727fdd54844261c9afad3a0ed8,news,selbst-bestimmung
https://www.lebenshilfe.de/woerterbuch/woerterbuch-detail?tx_lfdictionary_detail%5Baction%5D=show&tx_lfdictionary_detail%5Bcontroller%5D=Dictionaryentry&tx_lfdictionary_detail%5Bdictionaryentry%5D=295&cHash=e5ac124dc3466742915783bf31c77911,news,ziel-vereinbarung
https://www.lebenshilfe.de/woerterbuch/woerterbuch-detail?tx_lfdictionary_detail%5Baction%5D=show&tx_lfdictionary_detail%5Bcontroller%5D=Dictionaryentry&tx_lfdictionary_detail%5Bdictionaryentry%5D=249&cHash=79f5db30cd045bcb5d6c59b3b0115402,news,spenden
https://www.lebenshilfe.de/woerterbuch/woerterbuch-detail?tx_lfdictionary_detail%5Baction%5D=show&tx_lfdictionary_detail%5Bcontroller%5D=Dictionaryentry&tx_lfdictionary_detail%5Bdictionaryentry%5D=239&cHash=2fd3998b5e835790d8a10696efe58cc9,news,smartphone
https://www.lebenshilfe.de/woerterbuch/woerterbuch-detail?tx_lfdictionary_detail%5Baction%5D=show&tx_lfdictionary_detail%5Bcontroller%5D=Dictionaryentry&tx_lfdictionary_detail%5Bdictionaryentry%5D=172&cHash=6213b0a670bfc775bf4f824335515ad6,news,link
https://www.lebenshilfe.de/woerterbuch/woerterbuch-detail?tx_lfdictionary_detail%5Baction%5D=show&tx_lfdictionary_detail%5Bcontroller%5D=Dictionaryentry&tx_lfdictionary_detail%5Bdictionaryentry%5D=76&cHash=343b2acebde04be250c0269dcd39f8c5,news,diskriminierung
https://www.lebenshilfe.de/woerterbuch/woerterbuch-detail?tx_lfdictionary_detail%5Baction%5D=show&tx_lfdictionary_detail%5Bcontroller%5D=Dictionaryentry&tx_lfdictionary_detail%5Bdictionaryentry%5D=169&cHash=d2cac3c5614d234ef8b97e79acac43e3,news,lebenshilfe-rat
https://www.lebenshilfe.de/woerterbuch/woerterbuch-detail?tx_lfdictionary_detail%5Baction%5D=show&tx_lfdictionary_detail%5Bcontroller%5D=Dictionaryentry&tx_lfdictionary_detail%5Bdictionaryentry%5D=47&cHash=81fc852fe216a0bda38a8698342ea959,news,behinderten-beauftragte
https://www.lebenshilfe.de/woerterbuch/woerterbuch-detail?tx_lfdictionary_detail%5Baction%5D=show&tx_lfdictionary_detail%5Bcontroller%5D=Dictionaryentry&tx_lfdictionary_detail%5Bdictionaryentry%5D=300&cHash=3e1e594b437bfa589a2184aeb7718fbd,news,zutat
https://www.lebenshilfe.de/woerterbuch/woerterbuch-detail?tx_lfdictionary_detail%5Baction%5D=show&tx_lfdictionary_detail%5Bcontroller%5D=Dictionaryentry&tx_lfdictionary_detail%5Bdictionaryentry%5D=297&cHash=166cf20b2d08ab3ab603adc6bd8d37f2,news,zinsen
https://www.lebenshilfe.de/woerterbuch/woerterbuch-detail?tx_lfdictionary_detail%5Baction%5D=show&tx_lfdictionary_detail%5Bcontroller%5D=Dictionaryentry&tx_lfdictionary_detail%5Bdictionaryentry%5D=296&cHash=a30e3020efef90fca6574881373f872d,news,zigaretten
https://www.lebenshilfe.de/woerterbuch/woerterbuch-detail?tx_lfdictionary_detail%5Baction%5D=show&tx_lfdictionary_detail%5Bcontroller%5D=Dictionaryentry&tx_lfdictionary_detail%5Bdictionaryentry%5D=293&cHash=08b922e770451d586c8fa97a87e5f685,news,youtube
https://www.lebenshilfe.de/woerterbuch/woerterbuch-detail?tx_lfdictionary_detail%5Baction%5D=show&tx_lfdictionary_detail%5Bcontroller%5D=Dictionaryentry&tx_lfdictionary_detail%5Bdictionaryentry%5D=292&cHash=40f329ab2410352d3486af41ea28d19c,news,www-world-wide-web
https://www.lebenshilfe.de/woerterbuch/woerterbuch-detail?tx_lfdictionary_detail%5Baction%5D=show&tx_lfdictionary_detail%5Bcontroller%5D=Dictionaryentry&tx_lfdictionary_detail%5Bdictionaryentry%5D=291&cHash=1e6513c7363af33975c3f6d3716b38a4,news,workshop
https://www.lebenshilfe.de/woerterbuch/woerterbuch-detail?tx_lfdictionary_detail%5Baction%5D=show&tx_lfdictionary_detail%5Bcontroller%5D=Dictionaryentry&tx_lfdictionary_detail%5Bdictionaryentry%5D=288&cHash=647869c72a7dc17ec3407a79fb5fb4b0,news,wohn-beratung
https://www.lebenshilfe.de/woerterbuch/woerterbuch-detail?tx_lfdictionary_detail%5Baction%5D=show&tx_lfdictionary_detail%5Bcontroller%5D=Dictionaryentry&tx_lfdictionary_detail%5Bdictionaryentry%5D=287&cHash=37174e8b795c73e9dcc217bbbd07f4a2,news,wohlfahrts-verband
https://www.lebenshilfe.de/woerterbuch/woerterbuch-detail?tx_lfdictionary_detail%5Baction%5D=show&tx_lfdictionary_detail%5Bcontroller%5D=Dictionaryentry&tx_lfdictionary_detail%5Bdictionaryentry%5D=286&cHash=77fce6fa74faf7872f60e5a35a755d2a,news,wirtschaft-welt-wirtschaft
https://www.lebenshilfe.de/woerterbuch/woerterbuch-detail?tx_lfdictionary_detail%5Baction%5D=show&tx_lfdictionary_detail%5Bcontroller%5D=Dictionaryentry&tx_lfdictionary_detail%5Bdictionaryentry%5D=284&cHash=3faa7b59fd5a45dc8a60277136c0f644,news,wikipedia
https://www.lebenshilfe.de/woerterbuch/woerterbuch-detail?tx_lfdictionary_detail%5Baction%5D=show&tx_lfdictionary_detail%5Bcontroller%5D=Dictionaryentry&tx_lfdictionary_detail%5Bdictionaryentry%5D=281&cHash=ff6dd58e173cfe9a3e07effea3778d7b,news,werkstatten-mitwirkungs-verordnung
https://www.lebenshilfe.de/woerterbuch/woerterbuch-detail?tx_lfdictionary_detail%5Baction%5D=show&tx_lfdictionary_detail%5Bcontroller%5D=Dictionaryentry&tx_lfdictionary_detail%5Bdictionaryentry%5D=280&cHash=68190b198e9d47cf06fd41502740c140,news,werkstattrat
https://www.lebenshilfe.de/woerterbuch/woerterbuch-detail?tx_lfdictionary_detail%5Baction%5D=show&tx_lfdictionary_detail%5Bcontroller%5D=Dictionaryentry&tx_lfdictionary_detail%5Bdictionaryentry%5D=278&cHash=dcd0ae59dad787a08348e6f1045870f9,news,werbung
https://www.lebenshilfe.de/woerterbuch/woerterbuch-detail?tx_lfdictionary_detail%5Baction%5D=show&tx_lfdictionary_detail%5Bcontroller%5D=Dictionaryentry&tx_lfdictionary_detail%5Bdictionaryentry%5D=274&cHash=83f86a20c6d91fb5ca9c038e8dd5650f,news,vision
https://www.lebenshilfe.de/woerterbuch/woerterbuch-detail?tx_lfdictionary_detail%5Baction%5D=show&tx_lfdictionary_detail%5Bcontroller%5D=Dictionaryentry&tx_lfdictionary_detail%5Bdictionaryentry%5D=270&cHash=c27729db62a8a71ab050373a7e0c1add,news,vereinte-nationen
https://www.lebenshilfe.de/woerterbuch/woerterbuch-detail?tx_lfdictionary_detail%5Baction%5D=show&tx_lfdictionary_detail%5Bcontroller%5D=Dictionaryentry&tx_lfdictionary_detail%5Bdictionaryentry%5D=269&cHash=d55c47324f416603bee66c0122ab069f,news,verband
https://www.lebenshilfe.de/woerterbuch/woerterbuch-detail?tx_lfdictionary_detail%5Baction%5D=show&tx_lfdictionary_detail%5Bcontroller%5D=Dictionaryentry&tx_lfdictionary_detail%5Bdictionaryentry%5D=266&cHash=4bb0375af126fed691a64f040ed5af4d,news,unterstutzte-wohnform
https://www.lebenshilfe.de/woerterbuch/woerterbuch-detail?tx_lfdictionary_detail%5Baction%5D=show&tx_lfdictionary_detail%5Bcontroller%5D=Dictionaryentry&tx_lfdictionary_detail%5Bdictionaryentry%5D=265&cHash=18c40b7410e4c5a367e3ee6c54f59c16,news,un-sonderberater
https://www.lebenshilfe.de/woerterbuch/woerterbuch-detail?tx_lfdictionary_detail%5Baction%5D=show&tx_lfdictionary_detail%5Bcontroller%5D=Dictionaryentry&tx_lfdictionary_detail%5Bdictionaryentry%5D=264&cHash=3e1ae9ae402000636b576a11a9bd7c84,news,un-konvention
https://www.lebenshilfe.de/woerterbuch/woerterbuch-detail?tx_lfdictionary_detail%5Baction%5D=show&tx_lfdictionary_detail%5Bcontroller%5D=Dictionaryentry&tx_lfdictionary_detail%5Bdictionaryentry%5D=263&cHash=07452dcef57718d3c4ec08b37e52670d,news,ultraschall-untersuchung
https://www.lebenshilfe.de/woerterbuch/woerterbuch-detail?tx_lfdictionary_detail%5Baction%5D=show&tx_lfdictionary_detail%5Bcontroller%5D=Dictionaryentry&tx_lfdictionary_detail%5Bdictionaryentry%5D=255&cHash=e5f0ec5939f8e6c8c952678dc55feefd,news,tag-der-offenen-tur
https://www.lebenshilfe.de/woerterbuch/woerterbuch-detail?tx_lfdictionary_detail%5Baction%5D=show&tx_lfdictionary_detail%5Bcontroller%5D=Dictionaryentry&tx_lfdictionary_detail%5Bdictionaryentry%5D=260&cHash=fb890065d9c7d3cd2d92f67fac48af1c,news,theater
https://www.lebenshilfe.de/woerterbuch/woerterbuch-detail?tx_lfdictionary_detail%5Baction%5D=show&tx_lfdictionary_detail%5Bcontroller%5D=Dictionaryentry&tx_lfdictionary_detail%5Bdictionaryentry%5D=259&cHash=a1a5e41453030f21aaf4a610c4ffede4,news,termin
https://www.lebenshilfe.de/woerterbuch/woerterbuch-detail?tx_lfdictionary_detail%5Baction%5D=show&tx_lfdictionary_detail%5Bcontroller%5D=Dictionaryentry&tx_lfdictionary_detail%5Bdictionaryentry%5D=256&cHash=0ffab6ad1b0e22fbbf048e8c5f223193,news,tages-forderstatte
https://www.lebenshilfe.de/woerterbuch/woerterbuch-detail?tx_lfdictionary_detail%5Baction%5D=show&tx_lfdictionary_detail%5Bcontroller%5D=Dictionaryentry&tx_lfdictionary_detail%5Bdictionaryentry%5D=254&cHash=3ffc53444e52411eb7f1041e66ead131,news,strom
https://www.lebenshilfe.de/woerterbuch/woerterbuch-detail?tx_lfdictionary_detail%5Baction%5D=show&tx_lfdictionary_detail%5Bcontroller%5D=Dictionaryentry&tx_lfdictionary_detail%5Bdictionaryentry%5D=253&cHash=7039ae6e812f73292ef218a7f1a9808a,news,stillen
https://www.lebenshilfe.de/woerterbuch/woerterbuch-detail?tx_lfdictionary_detail%5Baction%5D=show&tx_lfdictionary_detail%5Bcontroller%5D=Dictionaryentry&tx_lfdictionary_detail%5Bdictionaryentry%5D=252&cHash=9ee9b2a218d63f0b2871b74f4fe576ca,news,sterilisieren-sterilisation
https://www.lebenshilfe.de/woerterbuch/woerterbuch-detail?tx_lfdictionary_detail%5Baction%5D=show&tx_lfdictionary_detail%5Bcontroller%5D=Dictionaryentry&tx_lfdictionary_detail%5Bdictionaryentry%5D=23&cHash=96ff8be0ae70281a5feea595b7b393a7,news,ambulantstationar
https://www.lebenshilfe.de/woerterbuch/woerterbuch-detail?tx_lfdictionary_detail%5Baction%5D=show&tx_lfdictionary_detail%5Bcontroller%5D=Dictionaryentry&tx_lfdictionary_detail%5Bdictionaryentry%5D=251&cHash=431e2d7fce4264b57207ee62c7602566,news,stationar-ambulant
https://www.lebenshilfe.de/woerterbuch/woerterbuch-detail?tx_lfdictionary_detail%5Baction%5D=show&tx_lfdictionary_detail%5Bcontroller%5D=Dictionaryentry&tx_lfdictionary_detail%5Bdictionaryentry%5D=250&cHash=ffd62bbe0b06bafef7cb1d2b24163b51,news,staat
https://www.lebenshilfe.de/woerterbuch/woerterbuch-detail?tx_lfdictionary_detail%5Baction%5D=show&tx_lfdictionary_detail%5Bcontroller%5D=Dictionaryentry&tx_lfdictionary_detail%5Bdictionaryentry%5D=248&cHash=f613d88b0db0685a60481ebffac17e91,news,sparbuch
https://www.lebenshilfe.de/woerterbuch/woerterbuch-detail?tx_lfdictionary_detail%5Baction%5D=show&tx_lfdictionary_detail%5Bcontroller%5D=Dictionaryentry&tx_lfdictionary_detail%5Bdictionaryentry%5D=243&cHash=9dcd941bd201dba7c79ce1c8174ce636,news,sozial-leistungen
https://www.lebenshilfe.de/woerterbuch/woerterbuch-detail?tx_lfdictionary_detail%5Baction%5D=show&tx_lfdictionary_detail%5Bcontroller%5D=Dictionaryentry&tx_lfdictionary_detail%5Bdictionaryentry%5D=242&cHash=af48f724bc9dd78587167f4928e1100e,news,sonografie
https://www.lebenshilfe.de/woerterbuch/woerterbuch-detail?tx_lfdictionary_detail%5Baction%5D=show&tx_lfdictionary_detail%5Bcontroller%5D=Dictionaryentry&tx_lfdictionary_detail%5Bdictionaryentry%5D=237&cHash=e2f187b85f08cba69c920de5da50e182,news,server
https://www.lebenshilfe.de/woerterbuch/woerterbuch-detail?tx_lfdictionary_detail%5Baction%5D=show&tx_lfdictionary_detail%5Bcontroller%5D=Dictionaryentry&tx_lfdictionary_detail%5Bdictionaryentry%5D=236&cHash=f1870330e44a04d1b9d7337bc2d29080,news,senioren
https://www.lebenshilfe.de/woerterbuch/woerterbuch-detail?tx_lfdictionary_detail%5Baction%5D=show&tx_lfdictionary_detail%5Bcontroller%5D=Dictionaryentry&tx_lfdictionary_detail%5Bdictionaryentry%5D=235&cHash=bd92ffcda1b9f8f69110cc80e619909b,news,seminar
https://www.lebenshilfe.de/woerterbuch/woerterbuch-detail?tx_lfdictionary_detail%5Baction%5D=show&tx_lfdictionary_detail%5Bcontroller%5D=Dictionaryentry&tx_lfdictionary_detail%5Bdictionaryentry%5D=234&cHash=18fc01d4967b550932c96d2c44fe6faf,news,selbsthilfe-verein
https://www.lebenshilfe.de/woerterbuch/woerterbuch-detail?tx_lfdictionary_detail%5Baction%5D=show&tx_lfdictionary_detail%5Bcontroller%5D=Dictionaryentry&tx_lfdictionary_detail%5Bdictionaryentry%5D=233&cHash=284bc590b75c494cfad5612e0b3d83b1,news,selbst-vertreter
https://www.lebenshilfe.de/woerterbuch/woerterbuch-detail?tx_lfdictionary_detail%5Baction%5D=show&tx_lfdictionary_detail%5Bcontroller%5D=Dictionaryentry&tx_lfdictionary_detail%5Bdictionaryentry%5D=231&cHash=eab62076ad3c488dc849ba5402452fda,news,seelische-behinderung
https://www.lebenshilfe.de/woerterbuch/woerterbuch-detail?tx_lfdictionary_detail%5Baction%5D=show&tx_lfdictionary_detail%5Bcontroller%5D=Dictionaryentry&tx_lfdictionary_detail%5Bdictionaryentry%5D=226&cHash=38e5f7f1cd99913ce99a4bc034308d3a,news,sachleistung
https://www.lebenshilfe.de/woerterbuch/woerterbuch-detail?tx_lfdictionary_detail%5Baction%5D=show&tx_lfdictionary_detail%5Bcontroller%5D=Dictionaryentry&tx_lfdictionary_detail%5Bdictionaryentry%5D=225&cHash=bef2e6744d0f31e166111b8b686126c5,news,richter
https://www.lebenshilfe.de/woerterbuch/woerterbuch-detail?tx_lfdictionary_detail%5Baction%5D=show&tx_lfdictionary_detail%5Bcontroller%5D=Dictionaryentry&tx_lfdictionary_detail%5Bdictionaryentry%5D=224&cHash=fcbb9fed865a5bc504c85568577f82a5,news,rentner
https://www.lebenshilfe.de/woerterbuch/woerterbuch-detail?tx_lfdictionary_detail%5Baction%5D=show&tx_lfdictionary_detail%5Bcontroller%5D=Dictionaryentry&tx_lfdictionary_detail%5Bdictionaryentry%5D=218&cHash=6c500ec023b300e119d48539e424dc4b,news,quiz
https://www.lebenshilfe.de/woerterbuch/woerterbuch-detail?tx_lfdictionary_detail%5Baction%5D=show&tx_lfdictionary_detail%5Bcontroller%5D=Dictionaryentry&tx_lfdictionary_detail%5Bdictionaryentry%5D=217&cHash=cad9e1d38052b71b152c69c496bcc0a7,news,quartal
https://www.lebenshilfe.de/woerterbuch/woerterbuch-detail?tx_lfdictionary_detail%5Baction%5D=show&tx_lfdictionary_detail%5Bcontroller%5D=Dictionaryentry&tx_lfdictionary_detail%5Bdictionaryentry%5D=215&cHash=cb210809442608dabb2f8dc7a2562680,news,qualitat
https://www.lebenshilfe.de/woerterbuch/woerterbuch-detail?tx_lfdictionary_detail%5Baction%5D=show&tx_lfdictionary_detail%5Bcontroller%5D=Dictionaryentry&tx_lfdictionary_detail%5Bdictionaryentry%5D=220&cHash=b92f42706304afda197ae24d9049b08b,news,realisieren
https://www.lebenshilfe.de/woerterbuch/woerterbuch-detail?tx_lfdictionary_detail%5Baction%5D=show&tx_lfdictionary_detail%5Bcontroller%5D=Dictionaryentry&tx_lfdictionary_detail%5Bdictionaryentry%5D=219&cHash=9ed5738ad527677238fb9bdce6e5c8a6,news,ranger
https://www.lebenshilfe.de/woerterbuch/woerterbuch-detail?tx_lfdictionary_detail%5Baction%5D=show&tx_lfdictionary_detail%5Bcontroller%5D=Dictionaryentry&tx_lfdictionary_detail%5Bdictionaryentry%5D=223&cHash=1c3f86fcd96a2b7b1ae85fca138c08c7,news,religion
https://www.lebenshilfe.de/woerterbuch/woerterbuch-detail?tx_lfdictionary_detail%5Baction%5D=show&tx_lfdictionary_detail%5Bcontroller%5D=Dictionaryentry&tx_lfdictionary_detail%5Bdictionaryentry%5D=222&cHash=7f48ced7c3f09f09307d145466ca63b6,news,regel-bedarfs-stufe
https://www.lebenshilfe.de/woerterbuch/woerterbuch-detail?tx_lfdictionary_detail%5Baction%5D=show&tx_lfdictionary_detail%5Bcontroller%5D=Dictionaryentry&tx_lfdictionary_detail%5Bdictionaryentry%5D=216&cHash=184d30cedfa36329746c71e4657fa439,news,quantitat
https://www.lebenshilfe.de/woerterbuch/woerterbuch-detail?tx_lfdictionary_detail%5Baction%5D=show&tx_lfdictionary_detail%5Bcontroller%5D=Dictionaryentry&tx_lfdictionary_detail%5Bdictionaryentry%5D=221&cHash=82d37520c8f059a425f36969e6cdec52,news,rechtliche-betreuung
